Name,class,lon,lat,subset,start_date,end_date,eo_status,eo_data,eo_lat,eo_lon,eo_file,matching_eo_files
Maize,7,36.9774408,-0.9459042,training,2020-01-01,2020-12-31,eo_data_export_failed,,,,,[]
Maize,7,36.9679058,-0.9396775,training,2020-02-01,2021-01-01,eo_data_export_failed,,,,,[]
Avocado,8,37.21165998,-1.01753868,training,2020-03-01,2021-02-01,eo_data_export_failed,,,,,[]
Maize,7,37.3963293,-1.0213467,training,2020-04-01,2021-03-01,eo_data_export_failed,,,,,[]
Maize,7,37.3966799,-1.0301715,training,2020-05-01,2021-04-01,eo_data_export_failed,,,,,[]
Avocado,8,36.9080485,-0.9082121,training,2020-06-01,2021-05-01,eo_data_export_failed,,,,,[]
Maize,7,36.9649655,-0.9386585,training,2020-07-01,2021-06-01,eo_data_export_failed,,,,,[]
Shrub,9,37.2524028,-1.0180239,training,2020-08-01,2021-07-01,eo_data_export_failed,,,,,[]
Macadamia,10,37.28763711,-1.03716699,training,2020-09-01,2021-08-01,eo_data_export_failed,,,,,[]
Macadamia,10,37.3181591,-1.0386253,training,2020-10-01,2021-09-01,eo_data_export_failed,,,,,[]
Mango,11,37.32828345,-1.02682536,training,2020-11-01,2021-10-01,eo_data_export_failed,,,,,[]
Maize,7,37.3284678,-1.0269653,training,2020-12-01,2021-11-01,eo_data_export_failed,,,,,[]
Maize,7,37.3359249,-1.0201641,training,2020-01-13,2021-12-01,eo_data_export_failed,,,,,[]
Beans,12,37.371549,-1.0374392,training,2020-01-14,2021-01-13,eo_data_export_failed,,,,,[]
Mango,11,37.3709877,-1.0381022,training,2020-01-15,2021-01-14,eo_data_export_failed,,,,,[]
Maize,7,37.3591151,-1.0199412,training,2020-01-16,2021-01-15,eo_data_export_failed,,,,,[]
Mango,11,37.3316332,-1.0031447,training,2020-01-17,2021-01-16,eo_data_export_failed,,,,,[]
Maize,7,37.4067652,-1.038575,training,2020-01-18,2021-01-17,eo_data_export_failed,,,,,[]
Oranges,13,37.3941938,-1.0356564,training,2020-01-19,2021-01-18,eo_data_export_failed,,,,,[]
Mango,11,37.3921046,-1.0335636,training,2020-01-20,2021-01-19,eo_data_export_failed,,,,,[]
Maize,7,37.385187,-1.026305,training,2020-01-21,2021-01-20,eo_data_export_failed,,,,,[]
Maize,7,37.3850637,-1.0264405,training,2020-01-22,2021-01-21,eo_data_export_failed,,,,,[]
Maize,7,37.3772243,-1.0259908,training,2020-01-23,2021-01-22,eo_data_export_failed,,,,,[]
Pawpaw,14,37.3769401,-1.0295357,training,2020-01-24,2021-01-23,eo_data_export_failed,,,,,[]
Beans,12,37.37385,-1.0343569,training,2020-01-25,2021-01-24,eo_data_export_failed,,,,,[]
Maize,7,37.3412101,-1.0129381,training,2020-01-26,2021-01-25,eo_data_export_failed,,,,,[]
Potatoes,15,37.3413457,-1.0129799,training,2020-01-27,2021-01-26,eo_data_export_failed,,,,,[]
Maize,7,36.9676867,-0.9395975,training,2020-01-28,2021-01-27,eo_data_export_failed,,,,,[]
Maize,7,36.9273465,-0.9308953,training,2020-01-29,2021-01-28,eo_data_export_failed,,,,,[]
Maize,7,36.9082104,-0.9082499,training,2020-01-30,2021-01-29,eo_data_export_failed,,,,,[]
Potatoes,15,36.9083241,-0.9083111,training,2020-01-31,2021-01-30,eo_data_export_failed,,,,,[]
Arrowroot,16,36.9255703,-0.9318609,training,2020-01-02,2021-01-31,eo_data_export_failed,,,,,[]
Pumpkin,17,36.9270403,-0.9309717,training,2020-02-02,2021-01-02,eo_data_export_failed,,,,,[]
Coffee,18,36.9268333,-0.9311116,training,2020-03-02,2021-02-02,eo_data_export_failed,,,,,[]
Maize,7,36.849999,-0.8474769,training,2020-04-02,2021-03-02,eo_data_export_failed,,,,,[]
Maize,7,36.8749995,-0.8783487,training,2020-05-02,2021-04-02,eo_data_export_failed,,,,,[]
Coffee,18,36.9551905,-0.9361184,training,2020-06-02,2021-05-02,eo_data_export_failed,,,,,[]
Maize,7,37.3407715,-1.0076215,training,2020-07-02,2021-06-02,eo_data_export_failed,,,,,[]
Maize,7,36.8264801,-0.84193,training,2020-08-02,2021-07-02,eo_data_export_failed,,,,,[]
Maize,7,37.3377815,-0.9926294,training,2020-09-02,2021-08-02,eo_data_export_failed,,,,,[]
Maize,7,36.8131584,-0.8386043,training,2020-10-02,2021-09-02,eo_data_export_failed,,,,,[]
Maize,7,36.8134504,-0.8382516,training,2020-11-02,2021-10-02,eo_data_export_failed,,,,,[]
Napier,19,36.8348357,-0.8438965,training,2020-12-02,2021-11-02,eo_data_export_failed,,,,,[]
Maize,7,37.33004549,-0.98725238,training,2020-02-13,2021-12-02,eo_data_export_failed,,,,,[]
Maize,7,36.8348571,-0.8440127,training,2020-02-14,2021-02-13,eo_data_export_failed,,,,,[]
Bananas,20,37.331477,-0.979039,training,2020-02-15,2021-02-14,eo_data_export_failed,,,,,[]
Maize,7,37.3229167,-0.96811283,training,2020-02-16,2021-02-15,eo_data_export_failed,,,,,[]
Maize,7,37.3181573,-0.9597293,training,2020-02-17,2021-02-16,eo_data_export_failed,,,,,[]
Maize,7,37.31670001,-0.95369848,training,2020-02-18,2021-02-17,eo_data_export_failed,,,,,[]
Oranges,13,37.3399494,-1.0016604,training,2020-02-19,2021-02-18,eo_data_export_failed,,,,,[]
Maize,7,37.3394282,-0.9987535,training,2020-02-20,2021-02-19,eo_data_export_failed,,,,,[]
Sunflower,21,37.3412302,-1.0068534,training,2020-02-21,2021-02-20,eo_data_export_failed,,,,,[]
Maize,7,37.33997217,-1.04334213,training,2020-02-22,2021-02-21,eo_data_export_failed,,,,,[]
Cassava,22,37.32741233,-1.06588663,training,2020-02-23,2021-02-22,eo_data_export_failed,,,,,[]
Pawpaw,14,37.32281072,-1.07072444,training,2020-02-24,2021-02-23,eo_data_export_failed,,,,,[]
Mango,11,37.3276771,-0.9869674,training,2020-02-25,2021-02-24,eo_data_export_failed,,,,,[]
Maize,7,37.3325102,-0.9846467,training,2020-02-26,2021-02-25,eo_data_export_failed,,,,,[]
Maize,7,37.31653128,-0.97462321,training,2020-02-27,2021-02-26,eo_data_export_failed,,,,,[]
Maize,7,37.316975,-0.9788383,training,2020-02-28,2021-02-27,eo_data_export_failed,,,,,[]
Shrub,9,37.3517973,-1.0657104,training,2020-02-29,2021-02-28,eo_data_export_failed,,,,,[]
Shrub,9,37.3549936,-1.0720845,training,2020-01-03,2021-01-03,eo_data_export_failed,,,,,[]
Maize,7,37.32858901,-0.98486471,training,2020-02-03,2021-02-03,eo_data_export_failed,,,,,[]
Sweet Potato,23,37.042517,-0.9716409,training,2020-03-03,2021-03-03,eo_data_export_failed,,,,,[]
Potatoes,15,37.0427549,-0.9716926,training,2020-04-03,2021-04-03,eo_data_export_failed,,,,,[]
Maize,7,37.1146081,-0.9072025,training,2020-05-03,2021-05-03,eo_data_export_failed,,,,,[]
Bananas,20,37.0165965,-0.8796607,training,2020-06-03,2021-06-03,eo_data_export_failed,,,,,[]
Shrub,9,37.1149177,-0.9048887,training,2020-07-03,2021-07-03,eo_data_export_failed,,,,,[]
Beans,12,37.1149441,-0.9049003,training,2020-08-03,2021-08-03,eo_data_export_failed,,,,,[]
Coffee,18,37.0218315,-0.8663206,training,2020-09-03,2021-09-03,eo_data_export_failed,,,,,[]
Bananas,20,37.0149254,-0.8632358,training,2020-10-03,2021-10-03,eo_data_export_failed,,,,,[]
Maize,7,37.011644,-0.8600246,training,2020-11-03,2021-11-03,eo_data_export_failed,,,,,[]
Maize,7,37.0047405,-0.8626162,training,2020-12-03,2021-12-03,eo_data_export_failed,,,,,[]
Coffee,18,37.0021863,-0.8567977,training,2020-03-13,2021-03-13,eo_data_export_failed,,,,,[]
Coffee,18,36.986763,-0.8529876,training,2020-03-14,2021-03-14,eo_data_export_failed,,,,,[]
Mango,11,37.12567508,-0.88879188,training,2020-03-15,2021-03-15,eo_data_export_failed,,,,,[]
Coffee,18,36.9851643,-0.8891114,training,2020-03-16,2021-03-16,eo_data_export_failed,,,,,[]
Beans,12,37.0631089,-0.8759884,training,2020-03-17,2021-03-17,eo_data_export_failed,,,,,[]
Irish Potato,24,37.0591749,-0.9002128,training,2020-03-18,2021-03-18,eo_data_export_failed,,,,,[]
Arrow Roots,25,37.0461664,-0.8878736,training,2020-03-19,2021-03-19,eo_data_export_failed,,,,,[]
Arrowroot,16,37.0467733,-0.8884249,training,2020-03-20,2021-03-20,eo_data_export_failed,,,,,[]
Bananas,20,36.99324811,-0.88442839,training,2020-03-21,2021-03-21,eo_data_export_failed,,,,,[]
Maize,7,37.0869537,-0.8834919,training,2020-03-22,2021-03-22,eo_data_export_failed,,,,,[]
Beans,12,37.0526707,-0.9096525,training,2020-03-23,2021-03-23,eo_data_export_failed,,,,,[]
Beans,12,37.0524648,-0.9098317,training,2020-03-24,2021-03-24,eo_data_export_failed,,,,,[]
Maize,7,37.0524338,-0.9099815,training,2020-03-25,2021-03-25,eo_data_export_failed,,,,,[]
Maize,7,37.0522043,-0.9104702,training,2020-03-26,2021-03-26,eo_data_export_failed,,,,,[]
Potatoes,15,37.0517074,-0.9102907,training,2020-03-27,2021-03-27,eo_data_export_failed,,,,,[]
Maize,7,37.0512258,-0.9110599,training,2020-03-28,2021-03-28,eo_data_export_failed,,,,,[]
Banana,26,37.0538703,-0.9154099,training,2020-03-29,2021-03-29,eo_data_export_failed,,,,,[]
Maize,7,37.0542991,-0.91536,training,2020-03-30,2021-03-30,eo_data_export_failed,,,,,[]
Banana,26,37.0549815,-0.9160407,training,2020-03-31,2021-03-31,eo_data_export_failed,,,,,[]
Maize,7,37.0530177,-0.9142576,training,2020-01-04,2021-01-04,eo_data_export_failed,,,,,[]
Maize,7,37.0524189,-0.9142979,training,2020-02-04,2021-02-04,eo_data_export_failed,,,,,[]
Sunflower,21,37.0588728,-0.9040369,training,2020-03-04,2021-03-04,eo_data_export_failed,,,,,[]
Maize,7,37.060932,-0.9024424,training,2020-04-04,2021-04-04,eo_data_export_failed,,,,,[]
Avocado,8,36.9900143,-0.8830595,training,2020-05-04,2021-05-04,eo_data_export_failed,,,,,[]
Bananas,20,36.9860357,-0.8777734,training,2020-06-04,2021-06-04,eo_data_export_failed,,,,,[]
Coffee,18,36.9816885,-0.8827142,training,2020-07-04,2021-07-04,eo_data_export_failed,,,,,[]
Maize,7,36.9974583,-0.8463329,training,2020-08-04,2021-08-04,eo_data_export_failed,,,,,[]
Napier,19,36.9291855,-0.8620414,training,2020-09-04,2021-09-04,eo_data_export_failed,,,,,[]
Bananas,20,36.9265492,-0.8599061,training,2020-10-04,2021-10-04,eo_data_export_failed,,,,,[]
Maize,7,36.9245814,-0.8573353,training,2020-11-04,2021-11-04,eo_data_export_failed,,,,,[]
Maize,7,36.9239827,-0.8575428,training,2020-12-04,2021-12-04,eo_data_export_failed,,,,,[]
Maize,7,36.92272621,-0.8555806,training,2020-04-13,2021-04-13,eo_data_export_failed,,,,,[]
Maize,7,36.92029903,-0.8471583,training,2020-04-14,2021-04-14,eo_data_export_failed,,,,,[]
Maize,7,36.9198104,-0.8395184,training,2020-04-15,2021-04-15,eo_data_export_failed,,,,,[]
Maize,7,36.9190312,-0.8399775,training,2020-04-16,2021-04-16,eo_data_export_failed,,,,,[]
Maize,7,36.9154673,-0.8329827,training,2020-04-17,2021-04-17,eo_data_export_failed,,,,,[]
Maize,7,36.912917,-0.827975,training,2020-04-18,2021-04-18,eo_data_export_failed,,,,,[]
Maize,7,36.91281572,-0.82787844,training,2020-04-19,2021-04-19,eo_data_export_failed,,,,,[]
Maize,7,36.9127719,-0.8278264,training,2020-04-20,2021-04-20,eo_data_export_failed,,,,,[]
Coffee,18,36.9743154,-0.8618267,training,2020-04-21,2021-04-21,eo_data_export_failed,,,,,[]
Shrub,9,37.0992833,-0.892431,training,2020-04-22,2021-04-22,eo_data_export_failed,,,,,[]
Mango,11,37.0996096,-0.8917336,training,2020-04-23,2021-04-23,eo_data_export_failed,,,,,[]
Maize,7,37.0998211,-0.8919172,training,2020-04-24,2021-04-24,eo_data_export_failed,,,,,[]
Banana,26,37.0998963,-0.8912096,training,2020-04-25,2021-04-25,eo_data_export_failed,,,,,[]
Beans,12,37.1173268,-0.8913278,training,2020-04-26,2021-04-26,eo_data_export_failed,,,,,[]
Maize,7,37.1217998,-0.9344754,training,2020-04-27,2021-04-27,eo_data_export_failed,,,,,[]
Maize,7,37.121773,-0.9337903,training,2020-04-28,2021-04-28,eo_data_export_failed,,,,,[]
Bananas,20,36.9761463,-0.8833592,training,2020-04-29,2021-04-29,eo_data_export_failed,,,,,[]
Shrub,9,37.1208895,-0.9334106,training,2020-04-30,2021-04-30,eo_data_export_failed,,,,,[]
Maize,7,37.1207922,-0.9332948,training,2020-01-05,2021-01-05,eo_data_export_failed,,,,,[]
Maize,7,37.1207638,-0.93218,training,2020-02-05,2021-02-05,eo_data_export_failed,,,,,[]
Beans,12,37.120741,-0.9321911,training,2020-03-05,2021-03-05,eo_data_export_failed,,,,,[]
Maize,7,37.12072,-0.9322933,training,2020-04-05,2021-04-05,eo_data_export_failed,,,,,[]
Avocado,8,36.9967243,-0.9091509,training,2020-05-05,2021-05-05,eo_data_export_failed,,,,,[]
Maize,7,36.9123665,-0.8335573,training,2020-06-05,2021-06-05,eo_data_export_failed,,,,,[]
Maize,7,36.91047314,-0.83614515,training,2020-07-05,2021-07-05,eo_data_export_failed,,,,,[]
Maize,7,36.91035257,-0.83564403,training,2020-08-05,2021-08-05,eo_data_export_failed,,,,,[]
Arrowroot,16,36.91067579,-0.83560546,training,2020-09-05,2021-09-05,eo_data_export_failed,,,,,[]
Avocado,8,36.9036314,-0.8324928,training,2020-10-05,2021-10-05,eo_data_export_failed,,,,,[]
Maize,7,37.1205842,-0.9312262,training,2020-11-05,2021-11-05,eo_data_export_failed,,,,,[]
Shrub,9,37.12065,-0.931245,training,2020-12-05,2021-12-05,eo_data_export_failed,,,,,[]
Bananas,20,36.99871,-0.9058774,training,2020-05-13,2021-05-13,eo_data_export_failed,,,,,[]
Maize,7,37.1205477,-0.9306546,training,2020-05-14,2021-05-14,eo_data_export_failed,,,,,[]
Maize,7,37.1192892,-0.9298269,training,2020-05-15,2021-05-15,eo_data_export_failed,,,,,[]
Maize,7,37.1193517,-0.929206,training,2020-05-16,2021-05-16,eo_data_export_failed,,,,,[]
Maize,7,37.122005,-0.929485,training,2020-05-17,2021-05-17,eo_data_export_failed,,,,,[]
Maize,7,37.1227633,-0.9281505,training,2020-05-18,2021-05-18,eo_data_export_failed,,,,,[]
Coffee,18,37.1227748,-0.9270025,training,2020-05-19,2021-05-19,eo_data_export_failed,,,,,[]
Maize,7,37.12248752,-0.92620879,training,2020-05-20,2021-05-20,eo_data_export_failed,,,,,[]
Maize,7,37.1174356,-0.8916905,training,2020-05-21,2021-05-21,eo_data_export_failed,,,,,[]
Beans,12,37.1192714,-0.8922444,training,2020-05-22,2021-05-22,eo_data_export_failed,,,,,[]
Maize,7,37.1179343,-0.8912495,training,2020-05-23,2021-05-23,eo_data_export_failed,,,,,[]
Bananas,20,37.097311,-0.905217,training,2020-05-24,2021-05-24,eo_data_export_failed,,,,,[]
Beans,12,37.0931606,-0.9047222,training,2020-05-25,2021-05-25,eo_data_export_failed,,,,,[]
Maize,7,37.0983317,-0.908779,training,2020-05-26,2021-05-26,eo_data_export_failed,,,,,[]
Maize,7,37.0978027,-0.9084326,training,2020-05-27,2021-05-27,eo_data_export_failed,,,,,[]
Cassava,22,37.1128493,-0.9046099,training,2020-05-28,2021-05-28,eo_data_export_failed,,,,,[]
Cassava,22,37.0975113,-0.9054392,training,2020-05-29,2021-05-29,eo_data_export_failed,,,,,[]
Maize,7,37.1227443,-0.9264755,training,2020-05-30,2021-05-30,eo_data_export_failed,,,,,[]
Bananas,20,37.1226317,-0.9255986,training,2020-05-31,2021-05-31,eo_data_export_failed,,,,,[]
Coffee,18,36.974648,-0.8939469,training,2020-01-06,2021-01-06,eo_data_export_failed,,,,,[]
Maize,7,36.9708919,-0.8941972,training,2020-02-06,2021-02-06,eo_data_export_failed,,,,,[]
Bananas,20,36.9650956,-0.8880332,training,2020-03-06,2021-03-06,eo_data_export_failed,,,,,[]
Maize,7,36.9624354,-0.8758191,training,2020-04-06,2021-04-06,eo_data_export_failed,,,,,[]
Coffee,18,36.9517723,-0.8789038,training,2020-05-06,2021-05-06,eo_data_export_failed,,,,,[]
Maize,7,36.86686462,-0.82203782,training,2020-06-06,2021-06-06,eo_data_export_failed,,,,,[]
Cabbage,27,36.8670401,-0.82205621,training,2020-07-06,2021-07-06,eo_data_export_failed,,,,,[]
Maize,7,36.8673127,-0.8217643,training,2020-08-06,2021-08-06,eo_data_export_failed,,,,,[]
Cabbage,27,36.8673113,-0.8217473,training,2020-09-06,2021-09-06,eo_data_export_failed,,,,,[]
Avocado,8,36.867202,-0.8216335,training,2020-10-06,2021-10-06,eo_data_export_failed,,,,,[]
Maize,7,36.8675652,-0.8217971,training,2020-11-06,2021-11-06,eo_data_export_failed,,,,,[]
Potatoes,15,36.8675462,-0.8218831,training,2020-12-06,2021-12-06,eo_data_export_failed,,,,,[]
Maize,7,36.87266361,-0.8186926,training,2020-06-13,2021-06-13,eo_data_export_failed,,,,,[]
Maize,7,36.8728848,-0.8187309,training,2020-06-14,2021-06-14,eo_data_export_failed,,,,,[]
Maize,7,36.90201325,-0.82688673,training,2020-06-15,2021-06-15,eo_data_export_failed,,,,,[]
Maize,7,36.9018657,-0.8265307,training,2020-06-16,2021-06-16,eo_data_export_failed,,,,,[]
Maize,7,36.9019551,-0.8264575,training,2020-06-17,2021-06-17,eo_data_export_failed,,,,,[]
Maize,7,36.9021487,-0.8261334,training,2020-06-18,2021-06-18,eo_data_export_failed,,,,,[]
Maize,7,36.8871666,-0.8211622,training,2020-06-19,2021-06-19,eo_data_export_failed,,,,,[]
Maize,7,36.8730417,-0.8187665,training,2020-06-20,2021-06-20,eo_data_export_failed,,,,,[]
Arrowroot,16,36.87338279,-0.81896709,training,2020-06-21,2021-06-21,eo_data_export_failed,,,,,[]
Coffee,18,37.101262,-0.9530063,training,2020-06-22,2021-06-22,eo_data_export_failed,,,,,[]
Avocado,8,36.94361045,-0.88266803,training,2020-06-23,2021-06-23,eo_data_export_failed,,,,,[]
Maize,7,36.87519326,-0.81878376,training,2020-06-24,2021-06-24,eo_data_export_failed,,,,,[]
Maize,7,36.87509687,-0.8189407,training,2020-06-25,2021-06-25,eo_data_export_failed,,,,,[]
Avocado,8,36.87506321,-0.81904741,training,2020-06-26,2021-06-26,eo_data_export_failed,,,,,[]
Mango,11,37.1011402,-0.9462366,training,2020-06-27,2021-06-27,eo_data_export_failed,,,,,[]
Avocado,8,36.93343308,-0.86607542,training,2020-06-28,2021-06-28,eo_data_export_failed,,,,,[]
Coffee,18,36.9369247,-0.8725452,training,2020-06-29,2021-06-29,eo_data_export_failed,,,,,[]
Avocado,8,36.9430274,-0.8796407,training,2020-06-30,2021-06-30,eo_data_export_failed,,,,,[]
Bananas,20,37.1100717,-0.9408067,training,2020-01-07,2021-01-07,eo_data_export_failed,,,,,[]
Maize,7,37.1162684,-0.9383446,training,2020-02-07,2021-02-07,eo_data_export_failed,,,,,[]
Maize,7,37.0139726,-0.9195036,training,2020-03-07,2021-03-07,eo_data_export_failed,,,,,[]
Maize,7,37.1162336,-0.9338437,training,2020-04-07,2021-04-07,eo_data_export_failed,,,,,[]
Maize,7,37.1131107,-0.9300126,training,2020-05-07,2021-05-07,eo_data_export_failed,,,,,[]
Maize,7,37.1122495,-0.9287508,training,2020-06-07,2021-06-07,eo_data_export_failed,,,,,[]
Maize,7,37.1105654,-0.9267875,training,2020-07-07,2021-07-07,eo_data_export_failed,,,,,[]
Maize,7,37.109208,-0.9238932,training,2020-08-07,2021-08-07,eo_data_export_failed,,,,,[]
Maize,7,37.0871527,-0.9325604,training,2020-09-07,2021-09-07,eo_data_export_failed,,,,,[]
Coffee,18,37.0873339,-0.9320475,training,2020-10-07,2021-10-07,eo_data_export_failed,,,,,[]
Maize,7,37.092517,-0.9308478,training,2020-11-07,2021-11-07,eo_data_export_failed,,,,,[]
Maize,7,37.09784311,-0.93638441,training,2020-12-07,2021-12-07,eo_data_export_failed,,,,,[]
Coffee,18,37.10126354,-0.93996219,training,2020-07-13,2021-07-13,eo_data_export_failed,,,,,[]
Maize,7,37.0630597,-0.8758208,training,2020-07-14,2021-07-14,eo_data_export_failed,,,,,[]
Maize,7,37.0995611,-0.8895957,training,2020-07-15,2021-07-15,eo_data_export_failed,,,,,[]
Maize,7,37.1200129,-0.8931709,training,2020-07-16,2021-07-16,eo_data_export_failed,,,,,[]
Maize,7,37.0066362,-0.9186338,training,2020-07-17,2021-07-17,eo_data_export_failed,,,,,[]
Maize,7,37.0102927,-0.9190735,training,2020-07-18,2021-07-18,eo_data_export_failed,,,,,[]
Maize,7,37.0140588,-0.9194722,training,2020-07-19,2021-07-19,eo_data_export_failed,,,,,[]
Maize,7,37.0172476,-0.9207422,training,2020-07-20,2021-07-20,eo_data_export_failed,,,,,[]
Maize,7,37.0259533,-0.9275214,training,2020-07-21,2021-07-21,eo_data_export_failed,,,,,[]
Maize,7,37.0303098,-0.9313049,training,2020-07-22,2021-07-22,eo_data_export_failed,,,,,[]
Maize,7,37.0338996,-0.9418663,training,2020-07-23,2021-07-23,eo_data_export_failed,,,,,[]
Maize,7,37.0322924,-0.9431612,training,2020-07-24,2021-07-24,eo_data_export_failed,,,,,[]
Kales,28,37.0330791,-0.9459905,training,2020-07-25,2021-07-25,eo_data_export_failed,,,,,[]
Arrowroot,16,37.0331068,-0.9459922,training,2020-07-26,2021-07-26,eo_data_export_failed,,,,,[]
Arrowroot,16,37.0335517,-0.9463285,training,2020-07-27,2021-07-27,eo_data_export_failed,,,,,[]
Maize,7,37.0333949,-0.9462899,training,2020-07-28,2021-07-28,eo_data_export_failed,,,,,[]
Maize,7,37.0348538,-0.953944,training,2020-07-29,2021-07-29,eo_data_export_failed,,,,,[]
Maize,7,37.034612,-0.9575636,training,2020-07-30,2021-07-30,eo_data_export_failed,,,,,[]
Maize,7,37.0402726,-0.9556908,training,2020-07-31,2021-07-31,eo_data_export_failed,,,,,[]
Maize,7,37.0355753,-0.9522418,training,2020-01-08,2021-01-08,eo_data_export_failed,,,,,[]
Coffee,18,36.95611565,-0.71618475,training,2020-02-08,2021-02-08,eo_data_export_failed,,,,,[]
Potatoes,15,36.95434272,-0.7177487,training,2020-03-08,2021-03-08,eo_data_export_failed,,,,,[]
Coffee,18,36.95415921,-0.72071125,training,2020-04-08,2021-04-08,eo_data_export_failed,,,,,[]
Maize,7,36.8645484,-0.6992034,training,2020-05-08,2021-05-08,eo_data_export_failed,,,,,[]
Cassava,22,36.95148393,-0.71003581,training,2020-06-08,2021-06-08,eo_data_export_failed,,,,,[]
Maize,7,36.95148393,-0.71003581,training,2020-07-08,2021-07-08,eo_data_export_failed,,,,,[]
Coffee,18,36.94220121,-0.71049694,training,2020-08-08,2021-08-08,eo_data_export_failed,,,,,[]
Tea,29,36.93798777,-0.7082047,training,2020-09-08,2021-09-08,eo_data_export_failed,,,,,[]
Maize,7,36.938318,-0.709083,training,2020-10-08,2021-10-08,eo_data_export_failed,,,,,[]
Tea,29,36.9290872,-0.7145111,training,2020-11-08,2021-11-08,eo_data_export_failed,,,,,[]
Potatoes,15,36.9297169,-0.7153857,training,2020-12-08,2021-12-08,eo_data_export_failed,,,,,[]
Maize,7,36.91905882,-0.67959692,training,2020-08-13,2021-08-13,eo_data_export_failed,,,,,[]
Maize,7,36.91826943,-0.68026098,training,2020-08-14,2021-08-14,eo_data_export_failed,,,,,[]
Maize,7,36.9898995,-0.6786096,training,2020-08-15,2021-08-15,eo_data_export_failed,,,,,[]
Maize,7,36.9899017,-0.6785762,training,2020-08-16,2021-08-16,eo_data_export_failed,,,,,[]
Maize,7,36.9122193,-0.6793775,training,2020-08-17,2021-08-17,eo_data_export_failed,,,,,[]
Coffee,18,36.9899409,-0.6784946,training,2020-08-18,2021-08-18,eo_data_export_failed,,,,,[]
Coffee,18,36.9886643,-0.6804516,training,2020-08-19,2021-08-19,eo_data_export_failed,,,,,[]
Maize,7,36.9888606,-0.681518,training,2020-08-20,2021-08-20,eo_data_export_failed,,,,,[]
Coffee,18,36.9888613,-0.6815357,training,2020-08-21,2021-08-21,eo_data_export_failed,,,,,[]
Coffee,18,36.9888544,-0.6815388,training,2020-08-22,2021-08-22,eo_data_export_failed,,,,,[]
Beans,12,36.9901411,-0.6820012,training,2020-08-23,2021-08-23,eo_data_export_failed,,,,,[]
Maize,7,36.98999084,-0.68225628,training,2020-08-24,2021-08-24,eo_data_export_failed,,,,,[]
Beans,12,36.9899805,-0.68231032,training,2020-08-25,2021-08-25,eo_data_export_failed,,,,,[]
Beans,12,36.90505627,-0.68238708,training,2020-08-26,2021-08-26,eo_data_export_failed,,,,,[]
Maize,7,36.901495,-0.6811323,training,2020-08-27,2021-08-27,eo_data_export_failed,,,,,[]
Maize,7,36.89722126,-0.68293902,training,2020-08-28,2021-08-28,eo_data_export_failed,,,,,[]
Maize,7,36.89472648,-0.68446636,training,2020-08-29,2021-08-29,eo_data_export_failed,,,,,[]
Maize,7,36.90470695,-0.68259318,training,2020-08-30,2021-08-30,eo_data_export_failed,,,,,[]
Maize,7,36.9730397,-0.6879132,training,2020-08-31,2021-08-31,eo_data_export_failed,,,,,[]
Maize,7,36.9731022,-0.6880358,training,2020-01-09,2021-01-09,eo_data_export_failed,,,,,[]
Bananas,20,36.9730627,-0.6885855,training,2020-02-09,2021-02-09,eo_data_export_failed,,,,,[]
Bananas,20,36.8813234,-0.66476,training,2020-03-09,2021-03-09,eo_data_export_failed,,,,,[]
Maize,7,36.89178276,-0.68506314,training,2020-04-09,2021-04-09,eo_data_export_failed,,,,,[]
Maize,7,36.89064628,-0.68424546,training,2020-05-09,2021-05-09,eo_data_export_failed,,,,,[]
Tea,29,36.8910497,-0.6824282,training,2020-06-09,2021-06-09,eo_data_export_failed,,,,,[]
Tea,29,36.8892232,-0.6812271,training,2020-07-09,2021-07-09,eo_data_export_failed,,,,,[]
Maize,7,36.88806764,-0.68124243,training,2020-08-09,2021-08-09,eo_data_export_failed,,,,,[]
Maize,7,36.8836478,-0.6818181,training,2020-09-09,2021-09-09,eo_data_export_failed,,,,,[]
Tea,29,36.88308264,-0.68207222,training,2020-10-09,2021-10-09,eo_data_export_failed,,,,,[]
Maize,7,36.8830074,-0.68182839,training,2020-11-09,2021-11-09,eo_data_export_failed,,,,,[]
Maize,7,36.88247293,-0.68108607,training,2020-12-09,2021-12-09,eo_data_export_failed,,,,,[]
Maize,7,36.8818384,-0.6790553,training,2020-09-13,2021-09-13,eo_data_export_failed,,,,,[]
Tea,29,36.8799517,-0.6699985,training,2020-09-14,2021-09-14,eo_data_export_failed,,,,,[]
Maize,7,36.9730373,-0.6879142,training,2020-09-15,2021-09-15,eo_data_export_failed,,,,,[]
Maize,7,36.8787717,-0.6699118,training,2020-09-16,2021-09-16,eo_data_export_failed,,,,,[]
Maize,7,36.977614,-0.6892637,training,2020-09-17,2021-09-17,eo_data_export_failed,,,,,[]
Maize,7,36.9776567,-0.6891918,training,2020-09-18,2021-09-18,eo_data_export_failed,,,,,[]
Coffee,18,36.9780088,-0.6882473,training,2020-09-19,2021-09-19,eo_data_export_failed,,,,,[]
Beans,12,36.9781487,-0.6868339,training,2020-09-20,2021-09-20,eo_data_export_failed,,,,,[]
Maize,7,36.8818619,-0.6644655,training,2020-09-21,2021-09-21,eo_data_export_failed,,,,,[]
Maize,7,36.88302981,-0.66406739,training,2020-09-22,2021-09-22,eo_data_export_failed,,,,,[]
Maize,7,36.8873192,-0.6644229,training,2020-09-23,2021-09-23,eo_data_export_failed,,,,,[]
Maize,7,36.88781122,-0.66413343,training,2020-09-24,2021-09-24,eo_data_export_failed,,,,,[]
Maize,7,36.88889357,-0.66321899,training,2020-09-25,2021-09-25,eo_data_export_failed,,,,,[]
Maize,7,36.9703522,-0.6838812,training,2020-09-26,2021-09-26,eo_data_export_failed,,,,,[]
Maize,7,36.9735797,-0.6811403,training,2020-09-27,2021-09-27,eo_data_export_failed,,,,,[]
Maize,7,36.9735876,-0.6811401,training,2020-09-28,2021-09-28,eo_data_export_failed,,,,,[]
Potatoes,15,36.9766577,-0.6804192,training,2020-09-29,2021-09-29,eo_data_export_failed,,,,,[]
Beans,12,36.979003,-0.6807033,training,2020-09-30,2021-09-30,eo_data_export_failed,,,,,[]
Beans,12,36.979708,-0.6807422,training,2020-01-10,2021-01-10,eo_data_export_failed,,,,,[]
Maize,7,36.9807973,-0.6806427,training,2020-02-10,2021-02-10,eo_data_export_failed,,,,,[]
Maize,7,36.9807435,-0.6806406,training,2020-03-10,2021-03-10,eo_data_export_failed,,,,,[]
Beans,12,36.9816611,-0.6804922,training,2020-04-10,2021-04-10,eo_data_export_failed,,,,,[]
Maize,7,36.9818612,-0.6804379,training,2020-05-10,2021-05-10,eo_data_export_failed,,,,,[]
Tea,29,36.86812975,-0.68859375,training,2020-06-10,2021-06-10,eo_data_export_failed,,,,,[]
Beans,12,36.9836812,-0.6796445,training,2020-07-10,2021-07-10,eo_data_export_failed,,,,,[]
Maize,7,36.9836812,-0.6796445,training,2020-08-10,2021-08-10,eo_data_export_failed,,,,,[]
Beans,12,36.9858787,-0.680522,training,2020-09-10,2021-09-10,eo_data_export_failed,,,,,[]
Maize,7,36.8532968,-0.6912611,training,2020-10-10,2021-10-10,eo_data_export_failed,,,,,[]
Maize,7,36.9869535,-0.6813162,training,2020-11-10,2021-11-10,eo_data_export_failed,,,,,[]
Maize,7,36.9869731,-0.6812879,training,2020-12-10,2021-12-10,eo_data_export_failed,,,,,[]
Maize,7,36.9873709,-0.6819982,training,2020-10-13,2021-10-13,eo_data_export_failed,,,,,[]
Maize,7,36.9882685,-0.68247,training,2020-10-14,2021-10-14,eo_data_export_failed,,,,,[]
Beans,12,36.9883656,-0.682367,training,2020-10-15,2021-10-15,eo_data_export_failed,,,,,[]
Tea,29,36.84970622,-0.68843622,training,2020-10-16,2021-10-16,eo_data_export_failed,,,,,[]
Cassava,22,36.9892003,-0.6825804,training,2020-10-17,2021-10-17,eo_data_export_failed,,,,,[]
Beans,12,36.9883857,-0.6823633,training,2020-10-18,2021-10-18,eo_data_export_failed,,,,,[]
Beans,12,36.9884138,-0.6823875,training,2020-10-19,2021-10-19,eo_data_export_failed,,,,,[]
Maize,7,36.9884102,-0.6823557,training,2020-10-20,2021-10-20,eo_data_export_failed,,,,,[]
Beans,12,36.9901109,-0.68280735,training,2020-10-21,2021-10-21,eo_data_export_failed,,,,,[]
Beans,12,36.990354,-0.68269609,training,2020-10-22,2021-10-22,eo_data_export_failed,,,,,[]
Maize,7,36.99030609,-0.68257277,training,2020-10-23,2021-10-23,eo_data_export_failed,,,,,[]
Tea,29,36.84775941,-0.68728431,training,2020-10-24,2021-10-24,eo_data_export_failed,,,,,[]
Potatoes,15,36.9911447,-0.6827654,training,2020-10-25,2021-10-25,eo_data_export_failed,,,,,[]
Maize,7,36.9935157,-0.6841025,training,2020-10-26,2021-10-26,eo_data_export_failed,,,,,[]
Maize,7,36.83704797,-0.68190712,training,2020-10-27,2021-10-27,eo_data_export_failed,,,,,[]
Beans,12,36.994977,-0.684083,training,2020-10-28,2021-10-28,eo_data_export_failed,,,,,[]
Tea,29,36.83508939,-0.67951257,training,2020-10-29,2021-10-29,eo_data_export_failed,,,,,[]
Coffee,18,36.9955245,-0.6839898,training,2020-10-30,2021-10-30,eo_data_export_failed,,,,,[]
Tea,29,36.82914857,-0.68019158,training,2020-10-31,2021-10-31,eo_data_export_failed,,,,,[]
Coffee,18,37.09069373,-0.68575696,training,2020-01-11,2021-01-11,eo_data_export_failed,,,,,[]
Tea,29,36.83129717,-0.68318821,training,2020-02-11,2021-02-11,eo_data_export_failed,,,,,[]
Maize,7,36.9902327,-0.6843285,training,2020-03-11,2021-03-11,eo_data_export_failed,,,,,[]
Maize,7,36.9902297,-0.6843293,training,2020-04-11,2021-04-11,eo_data_export_failed,,,,,[]
Tea,29,36.8355712,-0.6895214,training,2020-05-11,2021-05-11,eo_data_export_failed,,,,,[]
Maize,7,36.9902297,-0.6843293,training,2020-06-11,2021-06-11,eo_data_export_failed,,,,,[]
Maize,7,36.99658196,-0.6810258,training,2020-07-11,2021-07-11,eo_data_export_failed,,,,,[]
Maize,7,36.99995026,-0.68352294,training,2020-08-11,2021-08-11,eo_data_export_failed,,,,,[]
Maize,7,36.83194208,-0.69451603,training,2020-09-11,2021-09-11,eo_data_export_failed,,,,,[]
Maize,7,36.99018293,-0.68695622,training,2020-10-11,2021-10-11,eo_data_export_failed,,,,,[]
Beans,12,36.9904521,-0.68897086,training,2020-11-11,2021-11-11,eo_data_export_failed,,,,,[]
Maize,7,36.99421654,-0.69103146,training,2020-12-11,2021-12-11,eo_data_export_failed,,,,,[]
Tea,29,36.837841,-0.69417128,training,2020-11-13,2021-11-13,eo_data_export_failed,,,,,[]
Yams,30,37.00242612,-0.69636155,training,2020-11-14,2021-11-14,eo_data_export_failed,,,,,[]
Tea,29,36.8454473,-0.6956282,training,2020-11-15,2021-11-15,eo_data_export_failed,,,,,[]
Tea,29,36.85427055,-0.69049698,training,2020-11-16,2021-11-16,eo_data_export_failed,,,,,[]
Maize,7,36.99000657,-0.68943669,training,2020-11-17,2021-11-17,eo_data_export_failed,,,,,[]
Maize,7,36.98866716,-0.68896604,training,2020-11-18,2021-11-18,eo_data_export_failed,,,,,[]
Maize,7,36.86006645,-0.69297478,training,2020-11-19,2021-11-19,eo_data_export_failed,,,,,[]
Maize,7,36.9836588,-0.6890095,training,2020-11-20,2021-11-20,eo_data_export_failed,,,,,[]
Tea,29,36.86742561,-0.69824323,training,2020-11-21,2021-11-21,eo_data_export_failed,,,,,[]
Maize,7,36.9666398,-0.6868114,training,2020-11-22,2021-11-22,eo_data_export_failed,,,,,[]
Tea,29,36.88587755,-0.69297988,training,2020-11-23,2021-11-23,eo_data_export_failed,,,,,[]
Maize,7,36.9651113,-0.6974479,training,2020-11-24,2021-11-24,eo_data_export_failed,,,,,[]
Yams,30,36.9651181,-0.6974429,training,2020-11-25,2021-11-25,eo_data_export_failed,,,,,[]
Kunde,31,37.1831762,-0.7131178,training,2020-11-26,2021-11-26,eo_data_export_failed,,,,,[]
Maize,7,37.1831762,-0.7131178,training,2020-11-27,2021-11-27,eo_data_export_failed,,,,,[]
Yams,30,36.9651266,-0.6974132,training,2020-11-28,2021-11-28,eo_data_export_failed,,,,,[]
Maize,7,37.1834116,-0.7122649,training,2020-11-29,2021-11-29,eo_data_export_failed,,,,,[]
Kales,28,36.965152,-0.6973981,training,2020-11-30,2021-11-30,eo_data_export_failed,,,,,[]
Maize,7,36.96549715,-0.69702329,training,2020-01-12,2021-01-12,eo_data_export_failed,,,,,[]
Rice,32,37.18411101,-0.69807997,training,2020-02-12,2021-02-12,eo_data_export_failed,,,,,[]
Rice,32,37.18504199,-0.69827689,training,2020-03-12,2021-03-12,eo_data_export_failed,,,,,[]
Rice,32,37.18725843,-0.68886904,training,2020-04-12,2021-04-12,eo_data_export_failed,,,,,[]
Rice,32,37.18860858,-0.67618005,training,2020-05-12,2021-05-12,eo_data_export_failed,,,,,[]
Rice,32,37.18884753,-0.67665306,training,2020-06-12,2021-06-12,eo_data_export_failed,,,,,[]
Maize,7,37.18978844,-0.68419469,training,2020-07-12,2021-07-12,eo_data_export_failed,,,,,[]
Mango,11,37.1925887,-0.6729237,training,2020-08-12,2021-08-12,eo_data_export_failed,,,,,[]
Maize,7,37.20080833,-0.66654508,training,2020-09-12,2021-09-12,eo_data_export_failed,,,,,[]
Maize,7,37.20021289,-0.66719123,training,2020-10-12,2021-10-12,eo_data_export_failed,,,,,[]
Mango,11,37.21991607,-0.68349481,training,2020-11-12,2021-11-12,eo_data_export_failed,,,,,[]
Maize,7,37.21694528,-0.68920746,training,2020-12-12,2021-12-12,eo_data_export_failed,,,,,[]
Rice,32,37.2167346,-0.6890882,training,2020-12-13,2021-12-13,eo_data_export_failed,,,,,[]
Maize,7,37.20663922,-0.68125905,training,2020-12-14,2021-12-14,eo_data_export_failed,,,,,[]
Maize,7,37.19952999,-0.66741827,training,2020-12-15,2021-12-15,eo_data_export_failed,,,,,[]
Mango,11,37.2204472,-0.68381,training,2020-12-16,2021-12-16,eo_data_export_failed,,,,,[]
Maize,7,37.22008591,-0.68363249,training,2020-12-17,2021-12-17,eo_data_export_failed,,,,,[]
Maize,7,37.2308889,-0.6750587,training,2020-12-18,2021-12-18,eo_data_export_failed,,,,,[]
Maize,7,37.2307707,-0.6748096,training,2020-12-19,2021-12-19,eo_data_export_failed,,,,,[]
Beans,12,37.2305527,-0.6748611,training,2020-12-20,2021-12-20,eo_data_export_failed,,,,,[]
Maize,7,37.2306502,-0.6751873,training,2020-12-21,2021-12-21,eo_data_export_failed,,,,,[]
Rice,32,37.23527965,-0.67543525,training,2020-12-22,2021-12-22,eo_data_export_failed,,,,,[]
Rice,32,37.2353976,-0.6753665,training,2020-12-23,2021-12-23,eo_data_export_failed,,,,,[]
Beans,12,37.23186611,-0.67499123,training,2020-12-24,2021-12-24,eo_data_export_failed,,,,,[]
Rice,32,37.17816958,-0.68373172,training,2020-12-25,2021-12-25,eo_data_export_failed,,,,,[]
Maize,7,37.1705286,-0.6652919,training,2020-12-26,2021-12-26,eo_data_export_failed,,,,,[]
Maize,7,37.2091025,-0.76115866,training,2020-12-27,2021-12-27,eo_data_export_failed,,,,,[]
Maize,7,37.21721221,-0.74363235,training,2020-12-28,2021-12-28,eo_data_export_failed,,,,,[]
Maize,7,37.21792111,-0.75528323,training,2020-12-29,2021-12-29,eo_data_export_failed,,,,,[]
Maize,7,37.21403404,-0.74386316,training,2020-12-30,2021-12-30,eo_data_export_failed,,,,,[]
Maize,7,37.1952563,-0.7454165,training,2020-12-31,2021-12-31,eo_data_export_failed,,,,,[]
Maize,7,37.23793902,-0.74506722,training,2021-01-01,2022-01-01,eo_data_export_failed,,,,,[]
Maize,7,37.21765693,-0.75443782,training,2021-02-01,2022-02-01,eo_data_export_failed,,,,,[]
Avocado,8,37.2240746,-0.7659629,training,2021-03-01,2022-03-01,eo_data_export_failed,,,,,[]
Maize,7,37.21751121,-0.7543723,training,2021-04-01,2022-04-01,eo_data_export_failed,,,,,[]
Maize,7,37.22336365,-0.75554364,training,2021-05-01,2022-05-01,eo_data_export_failed,,,,,[]
Beans,12,37.18679446,-0.74329504,training,2021-06-01,2022-06-01,eo_data_export_failed,,,,,[]
Maize,7,37.18901304,-0.74466416,training,2021-07-01,2022-07-01,eo_data_export_failed,,,,,[]
Maize,7,37.2453976,-0.747278,training,2021-08-01,2022-08-01,eo_data_export_failed,,,,,[]
Maize,7,37.20525835,-0.74429049,training,2021-09-01,2022-09-01,eo_data_export_failed,,,,,[]
Maize,7,37.24673533,-0.73648036,training,2021-10-01,2022-10-01,eo_data_export_failed,,,,,[]
Maize,7,37.2252053,-0.759043,training,2021-11-01,2022-11-01,eo_data_export_failed,,,,,[]
Maize,7,37.20891982,-0.7440273,training,2021-12-01,2022-12-01,eo_data_export_failed,,,,,[]
Maize,7,37.20665712,-0.75320159,training,2021-01-13,2022-01-13,eo_data_export_failed,,,,,[]
Maize,7,37.20489201,-0.75254647,training,2021-01-14,2022-01-14,eo_data_export_failed,,,,,[]
Maize,7,37.17595933,-0.744178,training,2021-01-15,2022-01-15,eo_data_export_failed,,,,,[]
Maize,7,37.1891642,-0.742472,training,2021-01-16,2022-01-16,eo_data_export_failed,,,,,[]
Mango,11,37.2272167,-0.76165441,training,2021-01-17,2022-01-17,eo_data_export_failed,,,,,[]
Mango,11,37.22525953,-0.76650651,training,2021-01-18,2022-01-18,eo_data_export_failed,,,,,[]
Beans,12,37.2244325,-0.7603432,training,2021-01-19,2022-01-19,eo_data_export_failed,,,,,[]
Beans,12,37.21239282,-0.75338283,training,2021-01-20,2022-01-20,eo_data_export_failed,,,,,[]
Mango,11,37.1948962,-0.7476428,training,2021-01-21,2022-01-21,eo_data_export_failed,,,,,[]
Maize,7,37.20241253,-0.7418788,training,2021-01-22,2022-01-22,eo_data_export_failed,,,,,[]
Maize,7,37.21320872,-0.74414451,training,2021-01-23,2022-01-23,eo_data_export_failed,,,,,[]
Maize,7,37.206584,-0.7523143,training,2021-01-24,2022-01-24,eo_data_export_failed,,,,,[]
Maize,7,37.2410826,-0.7207674,training,2021-01-25,2022-01-25,eo_data_export_failed,,,,,[]
Maize,7,37.23824483,-0.74468588,training,2021-01-26,2022-01-26,eo_data_export_failed,,,,,[]
Maize,7,37.20748373,-0.75619885,training,2021-01-27,2022-01-27,eo_data_export_failed,,,,,[]
Maize,7,37.2199239,-0.7645054,training,2021-01-28,2022-01-28,eo_data_export_failed,,,,,[]
Maize,7,37.22154457,-0.76545735,training,2021-01-29,2022-01-29,eo_data_export_failed,,,,,[]
Maize,7,37.1947113,-0.7461134,training,2021-01-30,2022-01-30,eo_data_export_failed,,,,,[]
Maize,7,37.20654769,-0.75351201,training,2021-01-31,2022-01-31,eo_data_export_failed,,,,,[]
Maize,7,37.1715699,-0.74223033,training,2021-01-02,2022-01-02,eo_data_export_failed,,,,,[]
Maize,7,37.20723057,-0.74415149,training,2021-02-02,2022-02-02,eo_data_export_failed,,,,,[]
Maize,7,37.20335502,-0.74445285,training,2021-03-02,2022-03-02,eo_data_export_failed,,,,,[]
Maize,7,37.23667089,-0.74490691,training,2021-04-02,2022-04-02,eo_data_export_failed,,,,,[]
Maize,7,37.20972033,-0.74453654,training,2021-05-02,2022-05-02,eo_data_export_failed,,,,,[]
Maize,7,37.22785802,-0.76652952,training,2021-06-02,2022-06-02,eo_data_export_failed,,,,,[]
Beans,12,37.23653183,-0.74455488,training,2021-07-02,2022-07-02,eo_data_export_failed,,,,,[]
Maize,7,37.20745462,-0.75630786,training,2021-08-02,2022-08-02,eo_data_export_failed,,,,,[]
Maize,7,37.1988599,-0.7481621,training,2021-09-02,2022-09-02,eo_data_export_failed,,,,,[]
Maize,7,37.23346861,-0.72628535,training,2021-10-02,2022-10-02,eo_data_export_failed,,,,,[]
Maize,7,37.20290947,-0.74278208,training,2021-11-02,2022-11-02,eo_data_export_failed,,,,,[]
Maize,7,37.22569655,-0.75710199,training,2021-12-02,2022-12-02,eo_data_export_failed,,,,,[]
Maize,7,37.18530054,-0.74495297,training,2021-02-13,2022-02-13,eo_data_export_failed,,,,,[]
Maize,7,37.21505923,-0.75388305,training,2021-02-14,2022-02-14,eo_data_export_failed,,,,,[]
Maize,7,37.23768582,-0.72329754,training,2021-02-15,2022-02-15,eo_data_export_failed,,,,,[]
Maize,7,37.19470688,-0.74772293,training,2021-02-16,2022-02-16,eo_data_export_failed,,,,,[]
Maize,7,37.22255161,-0.76529831,training,2021-02-17,2022-02-17,eo_data_export_failed,,,,,[]
Maize,7,37.1946702,-0.7472551,training,2021-02-18,2022-02-18,eo_data_export_failed,,,,,[]
Maize,7,37.19790142,-0.74676888,training,2021-02-19,2022-02-19,eo_data_export_failed,,,,,[]
Maize,7,37.20985883,-0.75312213,training,2021-02-20,2022-02-20,eo_data_export_failed,,,,,[]
Beans,12,37.23133165,-0.76101661,training,2021-02-21,2022-02-21,eo_data_export_failed,,,,,[]
Maize,7,37.18332081,-0.74426672,training,2021-02-22,2022-02-22,eo_data_export_failed,,,,,[]
Maize,7,37.22422319,-0.75637186,training,2021-02-23,2022-02-23,eo_data_export_failed,,,,,[]
Maize,7,37.18654822,-0.74346185,training,2021-02-24,2022-02-24,eo_data_export_failed,,,,,[]
Maize,7,37.22687002,-0.74329645,training,2021-02-25,2022-02-25,eo_data_export_failed,,,,,[]
Maize,7,37.19131163,-0.74270097,training,2021-02-26,2022-02-26,eo_data_export_failed,,,,,[]
Maize,7,37.22763484,-0.76674612,training,2021-02-27,2022-02-27,eo_data_export_failed,,,,,[]
Maize,7,37.21120588,-0.74443594,training,2021-02-28,2022-02-28,eo_data_export_failed,,,,,[]
Maize,7,37.20648284,-0.74451834,training,2021-01-03,2022-01-03,eo_data_export_failed,,,,,[]
Maize,7,37.23077764,-0.7436666,training,2021-02-03,2022-02-03,eo_data_export_failed,,,,,[]
Maize,7,37.18867985,-0.74452234,training,2021-03-03,2022-03-03,eo_data_export_failed,,,,,[]
Maize,7,37.23326917,-0.74434401,training,2021-04-03,2022-04-03,eo_data_export_failed,,,,,[]
Maize,7,37.20717046,-0.75831649,training,2021-05-03,2022-05-03,eo_data_export_failed,,,,,[]
Maize,7,37.23115024,-0.74337644,training,2021-06-03,2022-06-03,eo_data_export_failed,,,,,[]
Maize,7,37.18789256,-0.74226842,training,2021-07-03,2022-07-03,eo_data_export_failed,,,,,[]
Maize,7,37.22089582,-0.74349055,training,2021-08-03,2022-08-03,eo_data_export_failed,,,,,[]
Maize,7,37.21801139,-0.7256006,training,2021-09-03,2022-09-03,eo_data_export_failed,,,,,[]
Maize,7,37.21987213,-0.76423228,training,2021-10-03,2022-10-03,eo_data_export_failed,,,,,[]
Maize,7,37.24709531,-0.72603981,training,2021-11-03,2022-11-03,eo_data_export_failed,,,,,[]
Maize,7,37.20898741,-0.76091479,training,2021-12-03,2022-12-03,eo_data_export_failed,,,,,[]
Maize,7,37.22518641,-0.74316418,training,2021-03-13,2022-03-13,eo_data_export_failed,,,,,[]
Maize,7,37.15916728,-0.65577709,training,2021-03-14,2022-03-14,eo_data_export_failed,,,,,[]
Maize,7,37.15916728,-0.65577709,training,2021-03-15,2022-03-15,eo_data_export_failed,,,,,[]
Maize,7,37.16185336,-0.74616154,training,2021-03-16,2022-03-16,eo_data_export_failed,,,,,[]
Maize,7,37.15618408,-0.7446779,training,2021-03-17,2022-03-17,eo_data_export_failed,,,,,[]
Maize,7,37.14531641,-0.74410149,training,2021-03-18,2022-03-18,eo_data_export_failed,,,,,[]
Beans,12,37.14446164,-0.74345153,training,2021-03-19,2022-03-19,eo_data_export_failed,,,,,[]
Maize,7,37.13798018,-0.74240003,training,2021-03-20,2022-03-20,eo_data_export_failed,,,,,[]
Beans,12,37.12461734,-0.68998926,training,2021-03-21,2022-03-21,eo_data_export_failed,,,,,[]
Maize,7,37.11532052,-0.67303697,training,2021-03-22,2022-03-22,eo_data_export_failed,,,,,[]
Maize,7,37.11496566,-0.67282995,training,2021-03-23,2022-03-23,eo_data_export_failed,,,,,[]
Maize,7,37.12423741,-0.74399833,training,2021-03-24,2022-03-24,eo_data_export_failed,,,,,[]
Maize,7,37.1239608,-0.74402482,training,2021-03-25,2022-03-25,eo_data_export_failed,,,,,[]
Maize,7,37.1163098,-0.7441249,training,2021-03-26,2022-03-26,eo_data_export_failed,,,,,[]
Maize,7,37.10778125,-0.74389219,training,2021-03-27,2022-03-27,eo_data_export_failed,,,,,[]
Maize,7,37.1003155,-0.7442483,training,2021-03-28,2022-03-28,eo_data_export_failed,,,,,[]
Maize,7,37.09968117,-0.74508667,training,2021-03-29,2022-03-29,eo_data_export_failed,,,,,[]
Maize,7,37.0994813,-0.7452573,training,2021-03-30,2022-03-30,eo_data_export_failed,,,,,[]
Maize,7,37.0995532,-0.7448898,training,2021-03-31,2022-03-31,eo_data_export_failed,,,,,[]
Maize,7,37.09345613,-0.73582287,training,2021-01-04,2022-01-04,eo_data_export_failed,,,,,[]
Maize,7,37.09331255,-0.73564539,training,2021-02-04,2022-02-04,eo_data_export_failed,,,,,[]
Maize,7,37.09076137,-0.73499607,training,2021-03-04,2022-03-04,eo_data_export_failed,,,,,[]
Maize,7,37.09063431,-0.73496136,training,2021-04-04,2022-04-04,eo_data_export_failed,,,,,[]
Maize,7,37.07239181,-0.73220931,training,2021-05-04,2022-05-04,eo_data_export_failed,,,,,[]
Maize,7,37.0657302,-0.73150877,training,2021-06-04,2022-06-04,eo_data_export_failed,,,,,[]
Bananas,20,37.0607727,-0.7267421,training,2021-07-04,2022-07-04,eo_data_export_failed,,,,,[]
Arrowroot,16,37.0548687,-0.7186812,training,2021-08-04,2022-08-04,eo_data_export_failed,,,,,[]
Maize,7,37.0543843,-0.7186859,training,2021-09-04,2022-09-04,eo_data_export_failed,,,,,[]
Bananas,20,37.0563854,-0.714093,training,2021-10-04,2022-10-04,eo_data_export_failed,,,,,[]
Bananas,20,37.0715066,-0.7192661,training,2021-11-04,2022-11-04,eo_data_export_failed,,,,,[]
Maize,7,37.10077547,-0.72727548,training,2021-12-04,2022-12-04,eo_data_export_failed,,,,,[]
Avocado,8,37.1093691,-0.7251457,training,2021-04-13,2022-04-13,eo_data_export_failed,,,,,[]
Beans,12,37.1090827,-0.7252321,training,2021-04-14,2022-04-14,eo_data_export_failed,,,,,[]
Maize,7,37.10930116,-0.72566566,training,2021-04-15,2022-04-15,eo_data_export_failed,,,,,[]
Maize,7,37.12879774,-0.72196007,training,2021-04-16,2022-04-16,eo_data_export_failed,,,,,[]
Maize,7,37.14311195,-0.72018861,training,2021-04-17,2022-04-17,eo_data_export_failed,,,,,[]
Maize,7,37.0863164,-0.7246474,training,2021-04-18,2022-04-18,eo_data_export_failed,,,,,[]
Maize,7,37.0718931,-0.7190735,training,2021-04-19,2022-04-19,eo_data_export_failed,,,,,[]
Bananas,20,37.0719613,-0.7190578,training,2021-04-20,2022-04-20,eo_data_export_failed,,,,,[]
Maize,7,37.03265922,-0.71441244,training,2021-04-21,2022-04-21,eo_data_export_failed,,,,,[]
Maize,7,37.0294573,-0.7158395,training,2021-04-22,2022-04-22,eo_data_export_failed,,,,,[]
Maize,7,37.0294229,-0.7158453,training,2021-04-23,2022-04-23,eo_data_export_failed,,,,,[]
Maize,7,37.0252217,-0.718466,training,2021-04-24,2022-04-24,eo_data_export_failed,,,,,[]
Maize,7,37.02498367,-0.72372152,training,2021-04-25,2022-04-25,eo_data_export_failed,,,,,[]
Maize,7,37.02537954,-0.72385901,training,2021-04-26,2022-04-26,eo_data_export_failed,,,,,[]
Arrowroot,16,37.02444404,-0.72368152,training,2021-04-27,2022-04-27,eo_data_export_failed,,,,,[]
Bananas,20,37.02586746,-0.7282269,training,2021-04-28,2022-04-28,eo_data_export_failed,,,,,[]
Maize,7,37.0260298,-0.7278265,training,2021-04-29,2022-04-29,eo_data_export_failed,,,,,[]
Maize,7,37.0260409,-0.7277977,training,2021-04-30,2022-04-30,eo_data_export_failed,,,,,[]
Maize,7,37.02648709,-0.72798156,training,2021-01-05,2022-01-05,eo_data_export_failed,,,,,[]
Maize,7,37.0288491,-0.7275825,training,2021-02-05,2022-02-05,eo_data_export_failed,,,,,[]
Maize,7,37.03759657,-0.72748481,training,2021-03-05,2022-03-05,eo_data_export_failed,,,,,[]
Maize,7,37.0438806,-0.7284518,training,2021-04-05,2022-04-05,eo_data_export_failed,,,,,[]
Bananas,20,37.0439059,-0.7284189,training,2021-05-05,2022-05-05,eo_data_export_failed,,,,,[]
Bananas,20,37.04612351,-0.73205191,training,2021-06-05,2022-06-05,eo_data_export_failed,,,,,[]
Maize,7,37.04831893,-0.73337614,training,2021-07-05,2022-07-05,eo_data_export_failed,,,,,[]
Maize,7,37.04821841,-0.73332193,training,2021-08-05,2022-08-05,eo_data_export_failed,,,,,[]
Maize,7,37.04844053,-0.73384339,training,2021-09-05,2022-09-05,eo_data_export_failed,,,,,[]
Maize,7,37.05446799,-0.73500073,training,2021-10-05,2022-10-05,eo_data_export_failed,,,,,[]
Beans,12,37.0585787,-0.7331453,training,2021-11-05,2022-11-05,eo_data_export_failed,,,,,[]
Maize,7,37.05851315,-0.73320589,training,2021-12-05,2022-12-05,eo_data_export_failed,,,,,[]
Maize,7,37.06517652,-0.73243543,training,2021-05-13,2022-05-13,eo_data_export_failed,,,,,[]
Maize,7,37.07205749,-0.73248239,training,2021-05-14,2022-05-14,eo_data_export_failed,,,,,[]
Maize,7,37.07642817,-0.73404309,training,2021-05-15,2022-05-15,eo_data_export_failed,,,,,[]
Maize,7,37.0781493,-0.7349508,training,2021-05-16,2022-05-16,eo_data_export_failed,,,,,[]
Beans,12,37.07959703,-0.73511326,training,2021-05-17,2022-05-17,eo_data_export_failed,,,,,[]
Maize,7,37.0799407,-0.7349086,training,2021-05-18,2022-05-18,eo_data_export_failed,,,,,[]
Maize,7,37.08008419,-0.73410703,training,2021-05-19,2022-05-19,eo_data_export_failed,,,,,[]
Maize,7,37.07998549,-0.7341593,training,2021-05-20,2022-05-20,eo_data_export_failed,,,,,[]
Maize,7,37.08016186,-0.73375613,training,2021-05-21,2022-05-21,eo_data_export_failed,,,,,[]
Maize,7,37.08476567,-0.73390791,training,2021-05-22,2022-05-22,eo_data_export_failed,,,,,[]
Maize,7,37.08694611,-0.73370314,training,2021-05-23,2022-05-23,eo_data_export_failed,,,,,[]
Maize,7,37.08774366,-0.73363258,training,2021-05-24,2022-05-24,eo_data_export_failed,,,,,[]
Maize,7,37.0919545,-0.7346398,training,2021-05-25,2022-05-25,eo_data_export_failed,,,,,[]
Maize,7,37.09324263,-0.7354663,training,2021-05-26,2022-05-26,eo_data_export_failed,,,,,[]
Maize,7,37.0942414,-0.7368867,training,2021-05-27,2022-05-27,eo_data_export_failed,,,,,[]
Maize,7,37.09698515,-0.73990222,training,2021-05-28,2022-05-28,eo_data_export_failed,,,,,[]
Maize,7,37.09705844,-0.73994913,training,2021-05-29,2022-05-29,eo_data_export_failed,,,,,[]
Bananas,20,37.09779548,-0.74278797,training,2021-05-30,2022-05-30,eo_data_export_failed,,,,,[]
Maize,7,37.09761435,-0.74302173,training,2021-05-31,2022-05-31,eo_data_export_failed,,,,,[]
Maize,7,37.0962167,-0.7460249,training,2021-01-06,2022-01-06,eo_data_export_failed,,,,,[]
Maize,7,37.0962845,-0.7459357,training,2021-02-06,2022-02-06,eo_data_export_failed,,,,,[]
Maize,7,37.0961562,-0.7462252,training,2021-03-06,2022-03-06,eo_data_export_failed,,,,,[]
Maize,7,37.0973359,-0.7459953,training,2021-04-06,2022-04-06,eo_data_export_failed,,,,,[]
Bananas,20,37.0975071,-0.7460019,training,2021-05-06,2022-05-06,eo_data_export_failed,,,,,[]
Maize,7,37.0973649,-0.7462986,training,2021-06-06,2022-06-06,eo_data_export_failed,,,,,[]
Maize,7,37.0975532,-0.7484442,training,2021-07-06,2022-07-06,eo_data_export_failed,,,,,[]
Maize,7,37.0972902,-0.7487712,training,2021-08-06,2022-08-06,eo_data_export_failed,,,,,[]
Kales,28,37.0964808,-0.7497623,training,2021-09-06,2022-09-06,eo_data_export_failed,,,,,[]
Maize,7,37.0967715,-0.749757,training,2021-10-06,2022-10-06,eo_data_export_failed,,,,,[]
Maize,7,37.09690277,-0.74964038,training,2021-11-06,2022-11-06,eo_data_export_failed,,,,,[]
Maize,7,37.09838078,-0.75006911,training,2021-12-06,2022-12-06,eo_data_export_failed,,,,,[]
Maize,7,37.1006151,-0.7506903,training,2021-06-13,2022-06-13,eo_data_export_failed,,,,,[]
Maize,7,37.10283878,-0.75158947,training,2021-06-14,2022-06-14,eo_data_export_failed,,,,,[]
Bananas,20,37.1034212,-0.7479236,training,2021-06-15,2022-06-15,eo_data_export_failed,,,,,[]
Maize,7,37.1052508,-0.7470729,training,2021-06-16,2022-06-16,eo_data_export_failed,,,,,[]
Maize,7,37.10720111,-0.74489407,training,2021-06-17,2022-06-17,eo_data_export_failed,,,,,[]
Maize,7,37.10787307,-0.74428812,training,2021-06-18,2022-06-18,eo_data_export_failed,,,,,[]
Maize,7,37.11219984,-0.7439109,training,2021-06-19,2022-06-19,eo_data_export_failed,,,,,[]
Maize,7,37.12001131,-0.74197044,training,2021-06-20,2022-06-20,eo_data_export_failed,,,,,[]
Maize,7,37.123109,-0.7418911,training,2021-06-21,2022-06-21,eo_data_export_failed,,,,,[]
Maize,7,37.13080735,-0.73824209,training,2021-06-22,2022-06-22,eo_data_export_failed,,,,,[]
Maize,7,37.13347878,-0.73724421,training,2021-06-23,2022-06-23,eo_data_export_failed,,,,,[]
Maize,7,37.13872103,-0.73446964,training,2021-06-24,2022-06-24,eo_data_export_failed,,,,,[]
Maize,7,37.13854171,-0.73454084,training,2021-06-25,2022-06-25,eo_data_export_failed,,,,,[]
Maize,7,37.2186256,-0.823448,training,2021-06-26,2022-06-26,eo_data_export_failed,,,,,[]
Maize,7,37.221167,-0.8150606,training,2021-06-27,2022-06-27,eo_data_export_failed,,,,,[]
Mango,11,37.22243653,-0.88377694,training,2021-06-28,2022-06-28,eo_data_export_failed,,,,,[]
Mango,11,37.21927,-0.8093783,training,2021-06-29,2022-06-29,eo_data_export_failed,,,,,[]
Mango,11,37.2275191,-0.803756,training,2021-06-30,2022-06-30,eo_data_export_failed,,,,,[]
Maize,7,37.1228565,-0.9434245,training,2021-01-07,2022-01-07,eo_data_export_failed,,,,,[]
Shrub,9,37.1196817,-0.9459018,training,2021-02-07,2022-02-07,eo_data_export_failed,,,,,[]
Maize,7,37.1227226,-0.9434831,training,2021-03-07,2022-03-07,eo_data_export_failed,,,,,[]
Shrub,9,37.2276651,-0.804213,training,2021-04-07,2022-04-07,eo_data_export_failed,,,,,[]
Maize,7,37.2250801,-0.8059079,training,2021-05-07,2022-05-07,eo_data_export_failed,,,,,[]
Maize,7,37.22349,-0.8932617,training,2021-06-07,2022-06-07,eo_data_export_failed,,,,,[]
Mango,11,37.2146336,-0.8078206,training,2021-07-07,2022-07-07,eo_data_export_failed,,,,,[]
Maize,7,37.2127883,-0.8014782,training,2021-08-07,2022-08-07,eo_data_export_failed,,,,,[]
Maize,7,37.12626203,-0.90758345,training,2021-09-07,2022-09-07,eo_data_export_failed,,,,,[]
Kunde,31,37.203472,-0.7995071,training,2021-10-07,2022-10-07,eo_data_export_failed,,,,,[]
Maize,7,37.21335146,-0.89469576,training,2021-11-07,2022-11-07,eo_data_export_failed,,,,,[]
Maize,7,37.20050124,-0.89489062,training,2021-12-07,2022-12-07,eo_data_export_failed,,,,,[]
Maize,7,37.2082187,-0.8013041,training,2021-07-13,2022-07-13,eo_data_export_failed,,,,,[]
Beans,12,37.1989606,-0.8090328,training,2021-07-14,2022-07-14,eo_data_export_failed,,,,,[]
Maize,7,37.1933702,-0.8215405,training,2021-07-15,2022-07-15,eo_data_export_failed,,,,,[]
Maize,7,37.12523258,-0.90587211,training,2021-07-16,2022-07-16,eo_data_export_failed,,,,,[]
Beans,12,37.12497305,-0.90586825,training,2021-07-17,2022-07-17,eo_data_export_failed,,,,,[]
Maize,7,37.12480904,-0.90587404,training,2021-07-18,2022-07-18,eo_data_export_failed,,,,,[]
Beans,12,37.13044059,-0.91256604,training,2021-07-19,2022-07-19,eo_data_export_failed,,,,,[]
Maize,7,37.1240394,-0.9059508,training,2021-07-20,2022-07-20,eo_data_export_failed,,,,,[]
Bananas,20,37.123358,-0.9068009,training,2021-07-21,2022-07-21,eo_data_export_failed,,,,,[]
Maize,7,37.1960207,-0.8262386,training,2021-07-22,2022-07-22,eo_data_export_failed,,,,,[]
Potatoes,15,37.1313391,-0.917011,training,2021-07-23,2022-07-23,eo_data_export_failed,,,,,[]
Maize,7,37.1984208,-0.8297658,training,2021-07-24,2022-07-24,eo_data_export_failed,,,,,[]
Maize,7,37.1895549,-0.820737,training,2021-07-25,2022-07-25,eo_data_export_failed,,,,,[]
Maize,7,37.1809633,-0.8908916,training,2021-07-26,2022-07-26,eo_data_export_failed,,,,,[]
Maize,7,37.19097815,-0.87688038,training,2021-07-27,2022-07-27,eo_data_export_failed,,,,,[]
Bananas,20,37.1865817,-0.8213817,training,2021-07-28,2022-07-28,eo_data_export_failed,,,,,[]
Bananas,20,37.1704883,-0.8153055,training,2021-07-29,2022-07-29,eo_data_export_failed,,,,,[]
Maize,7,37.1613996,-0.8033003,training,2021-07-30,2022-07-30,eo_data_export_failed,,,,,[]
Maize,7,37.1628863,-0.7950976,training,2021-07-31,2022-07-31,eo_data_export_failed,,,,,[]
Beans,12,37.1679798,-0.8704857,training,2021-01-08,2022-01-08,eo_data_export_failed,,,,,[]
Maize,7,37.1686973,-0.8751649,training,2021-02-08,2022-02-08,eo_data_export_failed,,,,,[]
Avocado,8,37.15705,-0.8768853,training,2021-03-08,2022-03-08,eo_data_export_failed,,,,,[]
Maize,7,37.1621088,-0.7672196,training,2021-04-08,2022-04-08,eo_data_export_failed,,,,,[]
Bananas,20,37.1577662,-0.7831319,training,2021-05-08,2022-05-08,eo_data_export_failed,,,,,[]
Maize,7,37.15998,-0.7801833,training,2021-06-08,2022-06-08,eo_data_export_failed,,,,,[]
Beans,12,37.14177317,-0.78209308,training,2021-07-08,2022-07-08,eo_data_export_failed,,,,,[]
Bananas,20,37.14721756,-0.77687977,training,2021-08-08,2022-08-08,eo_data_export_failed,,,,,[]
Shrub,9,37.1568919,-0.747072,training,2021-09-08,2022-09-08,eo_data_export_failed,,,,,[]
Maize,7,37.12204294,-0.90616826,training,2021-10-08,2022-10-08,eo_data_export_failed,,,,,[]
Coffee,18,37.15256836,-0.76250742,training,2021-11-08,2022-11-08,eo_data_export_failed,,,,,[]
Maize,7,37.1847297,-0.7655597,training,2021-12-08,2022-12-08,eo_data_export_failed,,,,,[]
Maize,7,37.1821731,-0.7659865,training,2021-08-13,2022-08-13,eo_data_export_failed,,,,,[]
Maize,7,37.1754809,-0.7679563,training,2021-08-14,2022-08-14,eo_data_export_failed,,,,,[]
Maize,7,37.1693618,-0.7672643,training,2021-08-15,2022-08-15,eo_data_export_failed,,,,,[]
Shrub,9,37.1806295,-0.7759229,training,2021-08-16,2022-08-16,eo_data_export_failed,,,,,[]
Maize,7,37.1396283,-0.8215157,training,2021-08-17,2022-08-17,eo_data_export_failed,,,,,[]
Maize,7,37.1441069,-0.8216051,training,2021-08-18,2022-08-18,eo_data_export_failed,,,,,[]
Bananas,20,37.146256,-0.831072,training,2021-08-19,2022-08-19,eo_data_export_failed,,,,,[]
Maize,7,37.15032,-0.8375934,training,2021-08-20,2022-08-20,eo_data_export_failed,,,,,[]
Maize,7,37.1492381,-0.8442218,training,2021-08-21,2022-08-21,eo_data_export_failed,,,,,[]
Maize,7,37.0559282,-0.7879298,training,2021-08-22,2022-08-22,eo_data_export_failed,,,,,[]
Maize,7,37.0656579,-0.78535767,training,2021-08-23,2022-08-23,eo_data_export_failed,,,,,[]
Maize,7,37.0759214,-0.7868269,training,2021-08-24,2022-08-24,eo_data_export_failed,,,,,[]
Maize,7,37.08924349,-0.79180774,training,2021-08-25,2022-08-25,eo_data_export_failed,,,,,[]
Bananas,20,37.09460201,-0.79237113,training,2021-08-26,2022-08-26,eo_data_export_failed,,,,,[]
Coffee,18,37.0966941,-0.7917252,training,2021-08-27,2022-08-27,eo_data_export_failed,,,,,[]
Maize,7,37.0986103,-0.7890276,training,2021-08-28,2022-08-28,eo_data_export_failed,,,,,[]
Bananas,20,37.10514345,-0.78513193,training,2021-08-29,2022-08-29,eo_data_export_failed,,,,,[]
Maize,7,37.1677403,-0.850409,training,2021-08-30,2022-08-30,eo_data_export_failed,,,,,[]
Maize,7,37.1168835,-0.78512,training,2021-08-31,2022-08-31,eo_data_export_failed,,,,,[]
Maize,7,37.1681093,-0.8538426,training,2021-01-09,2022-01-09,eo_data_export_failed,,,,,[]
Sorghum,33,37.1704677,-0.8509823,training,2021-02-09,2022-02-09,eo_data_export_failed,,,,,[]
Maize,7,37.1753966,-0.8517165,training,2021-03-09,2022-03-09,eo_data_export_failed,,,,,[]
Maize,7,37.1226018,-0.9346493,training,2021-04-09,2022-04-09,eo_data_export_failed,,,,,[]
Maize,7,37.1763314,-0.8540573,training,2021-05-09,2022-05-09,eo_data_export_failed,,,,,[]
Kales,28,37.1220015,-0.9338115,training,2021-06-09,2022-06-09,eo_data_export_failed,,,,,[]
Maize,7,37.166289,-0.8678471,training,2021-07-09,2022-07-09,eo_data_export_failed,,,,,[]
Maize,7,37.1738045,-0.8670248,training,2021-08-09,2022-08-09,eo_data_export_failed,,,,,[]
Maize,7,37.1770595,-0.8639864,training,2021-09-09,2022-09-09,eo_data_export_failed,,,,,[]
Beans,12,37.12443421,-0.93475604,training,2021-10-09,2022-10-09,eo_data_export_failed,,,,,[]
Maize,7,37.13355015,-0.93105989,training,2021-11-09,2022-11-09,eo_data_export_failed,,,,,[]
Maize,7,37.2547382,-0.7910447,training,2021-12-09,2022-12-09,eo_data_export_failed,,,,,[]
Mango,11,37.2330579,-0.7881833,training,2021-09-13,2022-09-13,eo_data_export_failed,,,,,[]
Maize,7,37.2206995,-0.7821502,training,2021-09-14,2022-09-14,eo_data_export_failed,,,,,[]
Beans,12,37.2136262,-0.7799385,training,2021-09-15,2022-09-15,eo_data_export_failed,,,,,[]
Beans,12,37.2071817,-0.7827383,training,2021-09-16,2022-09-16,eo_data_export_failed,,,,,[]
Bananas,20,37.2127759,-0.7894175,training,2021-09-17,2022-09-17,eo_data_export_failed,,,,,[]
Maize,7,37.2207436,-0.78572,training,2021-09-18,2022-09-18,eo_data_export_failed,,,,,[]
Maize,7,37.2824131,-0.9137969,training,2021-09-19,2022-09-19,eo_data_export_failed,,,,,[]
Maize,7,37.2823425,-0.9141497,training,2021-09-20,2022-09-20,eo_data_export_failed,,,,,[]
Maize,7,37.1256411,-0.9346443,training,2021-09-21,2022-09-21,eo_data_export_failed,,,,,[]
Maize,7,37.1266916,-0.9335553,training,2021-09-22,2022-09-22,eo_data_export_failed,,,,,[]
Maize,7,37.13135667,-0.9323405,training,2021-09-23,2022-09-23,eo_data_export_failed,,,,,[]
Beans,12,37.13304508,-0.93219869,training,2021-09-24,2022-09-24,eo_data_export_failed,,,,,[]
Maize,7,37.12913377,-0.93217843,training,2021-09-25,2022-09-25,eo_data_export_failed,,,,,[]
Beans,12,37.12756886,-0.93246783,training,2021-09-26,2022-09-26,eo_data_export_failed,,,,,[]
Bananas,20,37.2115599,-0.8881412,training,2021-09-27,2022-09-27,eo_data_export_failed,,,,,[]
Bananas,20,37.2115831,-0.8871578,training,2021-09-28,2022-09-28,eo_data_export_failed,,,,,[]
Maize,7,37.2139957,-0.8844118,training,2021-09-29,2022-09-29,eo_data_export_failed,,,,,[]
Maize,7,37.22968365,-0.92540447,training,2021-09-30,2022-09-30,eo_data_export_failed,,,,,[]
Maize,7,37.21419662,-0.88174772,training,2021-01-10,2022-01-10,eo_data_export_failed,,,,,[]
Maize,7,37.21559993,-0.88370556,training,2021-02-10,2022-02-10,eo_data_export_failed,,,,,[]
Maize,7,37.21871383,-0.89033634,training,2021-03-10,2022-03-10,eo_data_export_failed,,,,,[]
Maize,7,37.21885807,-0.89253438,training,2021-04-10,2022-04-10,eo_data_export_failed,,,,,[]
Maize,7,37.22207859,-0.88915315,training,2021-05-10,2022-05-10,eo_data_export_failed,,,,,[]
Maize,7,37.22488423,-0.88623208,training,2021-06-10,2022-06-10,eo_data_export_failed,,,,,[]
Maize,7,37.22686063,-0.88396361,training,2021-07-10,2022-07-10,eo_data_export_failed,,,,,[]
Maize,7,37.22748004,-0.88073287,training,2021-08-10,2022-08-10,eo_data_export_failed,,,,,[]
Maize,7,37.22636279,-0.87981256,training,2021-09-10,2022-09-10,eo_data_export_failed,,,,,[]
Maize,7,37.22585048,-0.87890768,training,2021-10-10,2022-10-10,eo_data_export_failed,,,,,[]
Coffee,18,37.22539413,-0.87693874,training,2021-11-10,2022-11-10,eo_data_export_failed,,,,,[]
Maize,7,37.2258078,-0.8753867,training,2021-12-10,2022-12-10,eo_data_export_failed,,,,,[]
Maize,7,37.22492331,-0.87246161,training,2021-10-13,2022-10-13,eo_data_export_failed,,,,,[]
Maize,7,37.22665224,-0.87010198,training,2021-10-14,2022-10-14,eo_data_export_failed,,,,,[]
Maize,7,37.2258611,-0.8655139,training,2021-10-15,2022-10-15,eo_data_export_failed,,,,,[]
Maize,7,37.15558144,-0.9327992,training,2021-10-16,2022-10-16,eo_data_export_failed,,,,,[]
Sorghum,33,37.2312437,-0.8685156,training,2021-10-17,2022-10-17,eo_data_export_failed,,,,,[]
Maize,7,37.144786,-0.7957047,training,2021-10-18,2022-10-18,eo_data_export_failed,,,,,[]
Maize,7,37.1463627,-0.7949687,training,2021-10-19,2022-10-19,eo_data_export_failed,,,,,[]
Beans,12,37.1484151,-0.7949432,training,2021-10-20,2022-10-20,eo_data_export_failed,,,,,[]
Avocado,8,37.1475778,-0.7994166,training,2021-10-21,2022-10-21,eo_data_export_failed,,,,,[]
Maize,7,37.1432462,-0.800187,training,2021-10-22,2022-10-22,eo_data_export_failed,,,,,[]
Bananas,20,37.1419456,-0.8076698,training,2021-10-23,2022-10-23,eo_data_export_failed,,,,,[]
Tomatoes,34,37.1437736,-0.8093708,training,2021-10-24,2022-10-24,eo_data_export_failed,,,,,[]
Maize,7,37.1445304,-0.8122101,training,2021-10-25,2022-10-25,eo_data_export_failed,,,,,[]
Bananas,20,37.1453966,-0.8255211,training,2021-10-26,2022-10-26,eo_data_export_failed,,,,,[]
Beans,12,37.146147,-0.8311212,training,2021-10-27,2022-10-27,eo_data_export_failed,,,,,[]
Maize,7,37.1479351,-0.8408233,training,2021-10-28,2022-10-28,eo_data_export_failed,,,,,[]
Maize,7,37.1476444,-0.7949019,training,2021-10-29,2022-10-29,eo_data_export_failed,,,,,[]
Beans,12,37.1452651,-0.8416058,training,2021-10-30,2022-10-30,eo_data_export_failed,,,,,[]
Maize,7,37.1486625,-0.7949694,training,2021-10-31,2022-10-31,eo_data_export_failed,,,,,[]
Maize,7,37.1388738,-0.8431578,training,2021-01-11,2022-01-11,eo_data_export_failed,,,,,[]
Shrub,9,37.1476073,-0.8087545,training,2021-02-11,2022-02-11,eo_data_export_failed,,,,,[]
Maize,7,37.1396387,-0.7966921,training,2021-03-11,2022-03-11,eo_data_export_failed,,,,,[]
Maize,7,37.23421822,-0.86551679,training,2021-04-11,2022-04-11,eo_data_export_failed,,,,,[]
Guava,35,37.2385483,-0.9353333,training,2021-05-11,2022-05-11,eo_data_export_failed,,,,,[]
Maize,7,37.2376489,-0.9347361,training,2021-06-11,2022-06-11,eo_data_export_failed,,,,,[]
Tomatoes,34,37.2255233,-0.9179364,training,2021-07-11,2022-07-11,eo_data_export_failed,,,,,[]
Sorghum,33,37.15326977,-0.93505654,training,2021-08-11,2022-08-11,eo_data_export_failed,,,,,[]
Maize,7,37.23524477,-0.86465822,training,2021-09-11,2022-09-11,eo_data_export_failed,,,,,[]
Maize,7,37.23611889,-0.86397521,training,2021-10-11,2022-10-11,eo_data_export_failed,,,,,[]
Bananas,20,37.1478167,-0.93726371,training,2021-11-11,2022-11-11,eo_data_export_failed,,,,,[]
Maize,7,37.1438377,-0.9452941,training,2021-12-11,2022-12-11,eo_data_export_failed,,,,,[]
Maize,7,37.2368479,-0.8759613,training,2021-11-13,2022-11-13,eo_data_export_failed,,,,,[]
Maize,7,37.143022,-0.9461442,training,2021-11-14,2022-11-14,eo_data_export_failed,,,,,[]
Maize,7,37.2390512,-0.8750311,training,2021-11-15,2022-11-15,eo_data_export_failed,,,,,[]
Maize,7,37.14939319,-0.94459523,training,2021-11-16,2022-11-16,eo_data_export_failed,,,,,[]
Avocado,8,37.241139,-0.8733464,training,2021-11-17,2022-11-17,eo_data_export_failed,,,,,[]
Maize,7,37.2468822,-0.8796829,training,2021-11-18,2022-11-18,eo_data_export_failed,,,,,[]
Maize,7,37.2478981,-0.8812332,training,2021-11-19,2022-11-19,eo_data_export_failed,,,,,[]
Sorghum,33,37.15498037,-0.94710917,training,2021-11-20,2022-11-20,eo_data_export_failed,,,,,[]
Bananas,20,37.2435441,-0.8841728,training,2021-11-21,2022-11-21,eo_data_export_failed,,,,,[]
Kales,28,37.16007356,-0.94069409,training,2021-11-22,2022-11-22,eo_data_export_failed,,,,,[]
Beans,12,37.233239,-0.8961906,training,2021-11-23,2022-11-23,eo_data_export_failed,,,,,[]
Maize,7,37.1746035,-0.9519576,training,2021-11-24,2022-11-24,eo_data_export_failed,,,,,[]
Sorghum,33,37.14929671,-0.94396626,training,2021-11-25,2022-11-25,eo_data_export_failed,,,,,[]
Maize,7,37.16407267,-0.94362959,training,2021-11-26,2022-11-26,eo_data_export_failed,,,,,[]
Sorghum,33,37.15378305,-0.93771904,training,2021-11-27,2022-11-27,eo_data_export_failed,,,,,[]
Maize,7,37.01635544,-0.63376963,training,2021-11-28,2022-11-28,eo_data_export_failed,,,,,[]
Tea,29,36.90075585,-0.63665932,training,2021-11-29,2022-11-29,eo_data_export_failed,,,,,[]
Maize,7,37.0316627,-0.63138,training,2021-11-30,2022-11-30,eo_data_export_failed,,,,,[]
Tea,29,36.90162779,-0.63638233,training,2021-01-12,2022-01-12,eo_data_export_failed,,,,,[]
Maize,7,37.0328984,-0.6316332,training,2021-02-12,2022-02-12,eo_data_export_failed,,,,,[]
Coffee,18,37.0099713,-0.6136525,training,2021-03-12,2022-03-12,eo_data_export_failed,,,,,[]
Coffee,18,36.89856887,-0.63324607,training,2021-04-12,2022-04-12,eo_data_export_failed,,,,,[]
Maize,7,37.030385,-0.6384017,training,2021-05-12,2022-05-12,eo_data_export_failed,,,,,[]
Coffee,18,36.9836289,-0.6021652,training,2021-06-12,2022-06-12,eo_data_export_failed,,,,,[]
Maize,7,36.8926327,-0.629104,training,2021-07-12,2022-07-12,eo_data_export_failed,,,,,[]
Tea,29,36.89233205,-0.63019138,training,2021-08-12,2022-08-12,eo_data_export_failed,,,,,[]
Shrub,9,37.055925,-0.6470767,training,2021-09-12,2022-09-12,eo_data_export_failed,,,,,[]
Maize,7,36.8875848,-0.6282183,training,2021-10-12,2022-10-12,eo_data_export_failed,,,,,[]
Maize,7,37.0573933,-0.6463617,training,2021-11-12,2022-11-12,eo_data_export_failed,,,,,[]
Tea,29,36.9681387,-0.6047798,training,2021-12-12,2022-12-12,eo_data_export_failed,,,,,[]
Tea,29,36.9695182,-0.6058679,training,2021-12-13,2022-12-13,eo_data_export_failed,,,,,[]
Tea,29,36.8747582,-0.6249683,training,2021-12-14,2022-12-14,eo_data_export_failed,,,,,[]
Bananas,20,37.0725167,-0.6563917,training,2021-12-15,2022-12-15,eo_data_export_failed,,,,,[]
Tea,29,36.8621945,-0.6223204,training,2021-12-16,2022-12-16,eo_data_export_failed,,,,,[]
Tea,29,36.9784037,-0.6119048,training,2021-12-17,2022-12-17,eo_data_export_failed,,,,,[]
Tea,29,36.8648474,-0.6252243,training,2021-12-18,2022-12-18,eo_data_export_failed,,,,,[]
Maize,7,37.0749117,-0.6604167,training,2021-12-19,2022-12-19,eo_data_export_failed,,,,,[]
Beans,12,37.0726163,-0.659717,training,2021-12-20,2022-12-20,eo_data_export_failed,,,,,[]
Coffee,18,36.9825489,-0.6160212,training,2021-12-21,2022-12-21,eo_data_export_failed,,,,,[]
Maize,7,37.0732633,-0.651505,training,2021-12-22,2022-12-22,eo_data_export_failed,,,,,[]
Maize,7,36.8546231,-0.6307039,training,2021-12-23,2022-12-23,eo_data_export_failed,,,,,[]
Tea,29,36.851937,-0.6305597,training,2021-12-24,2022-12-24,eo_data_export_failed,,,,,[]
Maize,7,37.0799983,-0.6489367,training,2021-12-25,2022-12-25,eo_data_export_failed,,,,,[]
Coffee,18,36.9771233,-0.623245,training,2021-12-26,2022-12-26,eo_data_export_failed,,,,,[]
Maize,7,36.8487613,-0.6271379,training,2021-12-27,2022-12-27,eo_data_export_failed,,,,,[]
Coffee,18,36.9829774,-0.6272624,training,2021-12-28,2022-12-28,eo_data_export_failed,,,,,[]
Maize,7,36.8373186,-0.6299418,training,2021-12-29,2022-12-29,eo_data_export_failed,,,,,[]
Coffee,18,37.0691471,-0.6349591,training,2021-12-30,2022-12-30,eo_data_export_failed,,,,,[]
Coffee,18,36.9857933,-0.627285,training,2021-12-31,2022-12-31,eo_data_export_failed,,,,,[]
Maize,7,36.8333593,-0.6250262,training,2022-01-01,2023-01-01,eo_data_export_failed,,,,,[]
Arrowroot,16,36.995503,-0.628231,training,2022-02-01,2023-02-01,eo_data_export_failed,,,,,[]
Tea,29,36.82941346,-0.62090282,training,2022-03-01,2023-03-01,eo_data_export_failed,,,,,[]
Napier,19,37.0787417,-0.636035,training,2022-04-01,2023-04-01,eo_data_export_failed,,,,,[]
Coffee,18,37.0021826,-0.6275453,training,2022-05-01,2023-05-01,eo_data_export_failed,,,,,[]
Maize,7,36.8238324,-0.61723653,training,2022-06-01,2023-06-01,eo_data_export_failed,,,,,[]
Napier,19,37.0737217,-0.6345183,training,2022-07-01,2023-07-01,eo_data_export_failed,,,,,[]
Tea,29,36.82993355,-0.61313739,training,2022-08-01,2023-08-01,eo_data_export_failed,,,,,[]
Tea,29,36.8438912,-0.6147828,training,2022-09-01,2023-09-01,eo_data_export_failed,,,,,[]
Coffee,18,36.980594,-0.6212788,training,2022-10-01,2023-10-01,eo_data_export_failed,,,,,[]
Tea,29,36.8268496,-0.61322353,training,2022-11-01,2023-11-01,eo_data_export_failed,,,,,[]
Maize,7,37.074135,-0.622575,training,2022-12-01,2023-12-01,eo_data_export_failed,,,,,[]
Macadamia,10,36.9727786,-0.6217059,training,2022-01-13,2023-01-13,eo_data_export_failed,,,,,[]
Tea,29,36.83478346,-0.61501091,training,2022-01-14,2023-01-14,eo_data_export_failed,,,,,[]
Tea,29,36.8438956,-0.6148288,training,2022-01-15,2023-01-15,eo_data_export_failed,,,,,[]
Tea,29,36.83305412,-0.60971551,training,2022-01-16,2023-01-16,eo_data_export_failed,,,,,[]
Tea,29,36.82694866,-0.60640562,training,2022-01-17,2023-01-17,eo_data_export_failed,,,,,[]
Shrub,9,37.093715,-0.62886,training,2022-01-18,2023-01-18,eo_data_export_failed,,,,,[]
Bananas,20,36.964642,-0.6228958,training,2022-01-19,2023-01-19,eo_data_export_failed,,,,,[]
Tea,29,36.8401227,-0.613048,training,2022-01-20,2023-01-20,eo_data_export_failed,,,,,[]
Napier,19,36.844705,-0.6120168,training,2022-01-21,2023-01-21,eo_data_export_failed,,,,,[]
Maize,7,36.84819,-0.6120235,training,2022-01-22,2023-01-22,eo_data_export_failed,,,,,[]
Maize,7,36.9626758,-0.6271264,training,2022-01-23,2023-01-23,eo_data_export_failed,,,,,[]
Maize,7,36.8500463,-0.6077374,training,2022-01-24,2023-01-24,eo_data_export_failed,,,,,[]
Tea,29,36.84970692,-0.60748837,training,2022-01-25,2023-01-25,eo_data_export_failed,,,,,[]
Maize,7,37.1015942,-0.6420937,training,2022-01-26,2023-01-26,eo_data_export_failed,,,,,[]
Maize,7,36.9499965,-0.6175745,training,2022-01-27,2023-01-27,eo_data_export_failed,,,,,[]
Tea,29,36.8562123,-0.6023067,training,2022-01-28,2023-01-28,eo_data_export_failed,,,,,[]
Maize,7,36.950424,-0.6135733,training,2022-01-29,2023-01-29,eo_data_export_failed,,,,,[]
Coffee,18,36.9557284,-0.6102135,training,2022-01-30,2023-01-30,eo_data_export_failed,,,,,[]
Coffee,18,36.959955,-0.611325,training,2022-01-31,2023-01-31,eo_data_export_failed,,,,,[]
Tea,29,36.9404299,-0.6113896,training,2022-01-02,2023-01-02,eo_data_export_failed,,,,,[]
Tea,29,36.93706,-0.6147865,training,2022-02-02,2023-02-02,eo_data_export_failed,,,,,[]
Tea,29,36.9374383,-0.6157062,training,2022-03-02,2023-03-02,eo_data_export_failed,,,,,[]
Bananas,20,37.02908,-0.65366,training,2022-04-02,2023-04-02,eo_data_export_failed,,,,,[]
Bananas,20,37.0325678,-0.6529867,training,2022-05-02,2023-05-02,eo_data_export_failed,,,,,[]
Coffee,18,37.03854882,-0.65264044,training,2022-06-02,2023-06-02,eo_data_export_failed,,,,,[]
Bananas,20,37.0443245,-0.6502691,training,2022-07-02,2023-07-02,eo_data_export_failed,,,,,[]
Bananas,20,37.0443333,-0.6502867,training,2022-08-02,2023-08-02,eo_data_export_failed,,,,,[]
Maize,7,37.03964931,-0.65609674,training,2022-09-02,2023-09-02,eo_data_export_failed,,,,,[]
Maize,7,37.04652576,-0.6558534,training,2022-10-02,2023-10-02,eo_data_export_failed,,,,,[]
Beans,12,37.0504482,-0.6552533,training,2022-11-02,2023-11-02,eo_data_export_failed,,,,,[]
Coffee,18,37.0481804,-0.656614,training,2022-12-02,2023-12-02,eo_data_export_failed,,,,,[]
Beans,12,37.051405,-0.6601667,training,2022-02-13,2023-02-13,eo_data_export_failed,,,,,[]
Maize,7,37.0556962,-0.6576382,training,2022-02-14,2023-02-14,eo_data_export_failed,,,,,[]
Maize,7,37.0540767,-0.6630967,training,2022-02-15,2023-02-15,eo_data_export_failed,,,,,[]
Maize,7,37.0554917,-0.666735,training,2022-02-16,2023-02-16,eo_data_export_failed,,,,,[]
Maize,7,37.0749915,-0.6745979,training,2022-02-17,2023-02-17,eo_data_export_failed,,,,,[]
Shrub,9,37.0855983,-0.677925,training,2022-02-18,2023-02-18,eo_data_export_failed,,,,,[]
Maize,7,37.08527815,-0.67802531,training,2022-02-19,2023-02-19,eo_data_export_failed,,,,,[]
Maize,7,36.9888944,-0.6505711,training,2022-02-20,2023-02-20,eo_data_export_failed,,,,,[]
Avocado,8,36.9865275,-0.653375,training,2022-02-21,2023-02-21,eo_data_export_failed,,,,,[]
Coffee,18,36.973919,-0.6532565,training,2022-02-22,2023-02-22,eo_data_export_failed,,,,,[]
Coffee,18,36.96417,-0.6543333,training,2022-02-23,2023-02-23,eo_data_export_failed,,,,,[]
Coffee,18,36.9593833,-0.6556082,training,2022-02-24,2023-02-24,eo_data_export_failed,,,,,[]
Coffee,18,36.9585453,-0.6546739,training,2022-02-25,2023-02-25,eo_data_export_failed,,,,,[]
Tea,29,36.9556467,-0.6541583,training,2022-02-26,2023-02-26,eo_data_export_failed,,,,,[]
Coffee,18,36.9512644,-0.6535649,training,2022-02-27,2023-02-27,eo_data_export_failed,,,,,[]
Maize,7,36.955542,-0.6497969,training,2022-02-28,2023-02-28,eo_data_export_failed,,,,,[]
Coffee,18,36.9508217,-0.6478468,training,2022-01-03,2023-01-03,eo_data_export_failed,,,,,[]
Maize,7,36.9471499,-0.6474344,training,2022-02-03,2023-02-03,eo_data_export_failed,,,,,[]
Tea,29,36.9438052,-0.6463633,training,2022-03-03,2023-03-03,eo_data_export_failed,,,,,[]
Maize,7,36.9415117,-0.6444016,training,2022-04-03,2023-04-03,eo_data_export_failed,,,,,[]
Maize,7,36.9934344,-0.6488644,training,2022-05-03,2023-05-03,eo_data_export_failed,,,,,[]
Coffee,18,36.9888253,-0.6465272,training,2022-06-03,2023-06-03,eo_data_export_failed,,,,,[]
Maize,7,36.98719031,-0.64845788,training,2022-07-03,2023-07-03,eo_data_export_failed,,,,,[]
Mango,11,37.0574083,-0.673855,training,2022-08-03,2023-08-03,eo_data_export_failed,,,,,[]
Shrub,9,37.1205217,-0.7051383,training,2022-09-03,2023-09-03,eo_data_export_failed,,,,,[]
Coffee,18,37.1081072,-0.6726256,training,2022-10-03,2023-10-03,eo_data_export_failed,,,,,[]
Maize,7,37.1052867,-0.6706955,training,2022-11-03,2023-11-03,eo_data_export_failed,,,,,[]
Shrub,9,37.095175,-0.6669067,training,2022-12-03,2023-12-03,eo_data_export_failed,,,,,[]
Beans,12,37.0908608,-0.6630463,training,2022-03-13,2023-03-13,eo_data_export_failed,,,,,[]
Maize,7,37.0875634,-0.667866,training,2022-03-14,2023-03-14,eo_data_export_failed,,,,,[]
Maize,7,37.0876467,-0.6676167,training,2022-03-15,2023-03-15,eo_data_export_failed,,,,,[]
Maize,7,37.087365,-0.6656835,training,2022-03-16,2023-03-16,eo_data_export_failed,,,,,[]
Maize,7,37.0994511,-0.6611073,training,2022-03-17,2023-03-17,eo_data_export_failed,,,,,[]
Maize,7,37.0147607,-0.63020026,training,2022-03-18,2023-03-18,eo_data_export_failed,,,,,[]
Maize,7,36.9444597,-0.6405301,training,2022-03-19,2023-03-19,eo_data_export_failed,,,,,[]
Tea,29,36.9403625,-0.6405653,training,2022-03-20,2023-03-20,eo_data_export_failed,,,,,[]
Tea,29,36.9343347,-0.6374615,training,2022-03-21,2023-03-21,eo_data_export_failed,,,,,[]
Coffee,18,36.935149,-0.6363306,training,2022-03-22,2023-03-22,eo_data_export_failed,,,,,[]
Coffee,18,36.9668672,-0.6387662,training,2022-03-23,2023-03-23,eo_data_export_failed,,,,,[]
Maize,7,36.9717379,-0.6451323,training,2022-03-24,2023-03-24,eo_data_export_failed,,,,,[]
Coffee,18,36.9656983,-0.6424433,training,2022-03-25,2023-03-25,eo_data_export_failed,,,,,[]
Maize,7,36.9625042,-0.6355891,training,2022-03-26,2023-03-26,eo_data_export_failed,,,,,[]
Coffee,18,36.9550967,-0.6293239,training,2022-03-27,2023-03-27,eo_data_export_failed,,,,,[]
Maize,7,36.9443681,-0.6189817,training,2022-03-28,2023-03-28,eo_data_export_failed,,,,,[]
Tea,29,36.9459667,-0.6062467,training,2022-03-29,2023-03-29,eo_data_export_failed,,,,,[]
Coffee,18,36.9793896,-0.6004675,training,2022-03-30,2023-03-30,eo_data_export_failed,,,,,[]
Coffee,18,37.0182661,-0.6246804,training,2022-03-31,2023-03-31,eo_data_export_failed,,,,,[]
Maize,7,37.0149797,-0.6261675,training,2022-01-04,2023-01-04,eo_data_export_failed,,,,,[]
Maize,7,37.01629729,-0.63234081,training,2022-02-04,2023-02-04,eo_data_export_failed,,,,,[]
Maize,7,37.0167726,-0.6373142,training,2022-03-04,2023-03-04,eo_data_export_failed,,,,,[]
Coffee,18,37.01784035,-0.64308338,training,2022-04-04,2023-04-04,eo_data_export_failed,,,,,[]
Maize,7,37.0201948,-0.6490333,training,2022-05-04,2023-05-04,eo_data_export_failed,,,,,[]
Bananas,20,37.0237625,-0.6682584,training,2022-06-04,2023-06-04,eo_data_export_failed,,,,,[]
Maize,7,36.9220835,-0.6347155,training,2022-07-04,2023-07-04,eo_data_export_failed,,,,,[]
Tea,29,36.9235574,-0.6366931,training,2022-08-04,2023-08-04,eo_data_export_failed,,,,,[]
Avocado,8,36.9275872,-0.6384355,training,2022-09-04,2023-09-04,eo_data_export_failed,,,,,[]
Tea,29,36.9297541,-0.6375817,training,2022-10-04,2023-10-04,eo_data_export_failed,,,,,[]
Maize,7,36.956369,-0.6417921,training,2022-11-04,2023-11-04,eo_data_export_failed,,,,,[]
Maize,7,36.9563219,-0.6418348,training,2022-12-04,2023-12-04,eo_data_export_failed,,,,,[]
Maize,7,36.943683,-0.6418234,training,2022-04-13,2023-04-13,eo_data_export_failed,,,,,[]
Maize,7,36.9437081,-0.6420448,training,2022-04-14,2023-04-14,eo_data_export_failed,,,,,[]
Maize,7,36.9378795,-0.6399121,training,2022-04-15,2023-04-15,eo_data_export_failed,,,,,[]
Maize,7,36.9375528,-0.6398871,training,2022-04-16,2023-04-16,eo_data_export_failed,,,,,[]
Bananas,20,36.9370084,-0.6394016,training,2022-04-17,2023-04-17,eo_data_export_failed,,,,,[]
Potatoes,15,36.9231687,-0.6362828,training,2022-04-18,2023-04-18,eo_data_export_failed,,,,,[]
Avocado,8,36.9233055,-0.6361355,training,2022-04-19,2023-04-19,eo_data_export_failed,,,,,[]
Maize,7,36.9224989,-0.6350383,training,2022-04-20,2023-04-20,eo_data_export_failed,,,,,[]
Maize,7,36.9177828,-0.6374141,training,2022-04-21,2023-04-21,eo_data_export_failed,,,,,[]
Maize,7,36.9181175,-0.636363,training,2022-04-22,2023-04-22,eo_data_export_failed,,,,,[]
Maize,7,36.9183062,-0.6361391,training,2022-04-23,2023-04-23,eo_data_export_failed,,,,,[]
Maize,7,36.9177628,-0.636559,training,2022-04-24,2023-04-24,eo_data_export_failed,,,,,[]
Maize,7,36.9175907,-0.6364613,training,2022-04-25,2023-04-25,eo_data_export_failed,,,,,[]
Maize,7,36.917731,-0.637912,training,2022-04-26,2023-04-26,eo_data_export_failed,,,,,[]
Maize,7,36.9175455,-0.637651,training,2022-04-27,2023-04-27,eo_data_export_failed,,,,,[]
Maize,7,36.9176077,-0.637562,training,2022-04-28,2023-04-28,eo_data_export_failed,,,,,[]
Maize,7,36.9170412,-0.637335,training,2022-04-29,2023-04-29,eo_data_export_failed,,,,,[]
Tea,29,36.9173472,-0.6375184,training,2022-04-30,2023-04-30,eo_data_export_failed,,,,,[]
Coffee,18,36.919846,-0.6367028,training,2022-01-05,2023-01-05,eo_data_export_failed,,,,,[]
Coffee,18,36.9201195,-0.6361676,training,2022-02-05,2023-02-05,eo_data_export_failed,,,,,[]
Tea,29,36.9205942,-0.6355775,training,2022-03-05,2023-03-05,eo_data_export_failed,,,,,[]
Coffee,18,36.9206399,-0.6353449,training,2022-04-05,2023-04-05,eo_data_export_failed,,,,,[]
Tea,29,36.9209006,-0.6350777,training,2022-05-05,2023-05-05,eo_data_export_failed,,,,,[]
Tea,29,36.9218566,-0.6348463,training,2022-06-05,2023-06-05,eo_data_export_failed,,,,,[]
Bananas,20,36.94421076,-0.7993505,training,2022-07-05,2023-07-05,eo_data_export_failed,,,,,[]
Napier,19,36.93992689,-0.80196626,training,2022-08-05,2023-08-05,eo_data_export_failed,,,,,[]
Napier,19,36.9348025,-0.80451845,training,2022-09-05,2023-09-05,eo_data_export_failed,,,,,[]
Macadamia,10,36.93515095,-0.80502936,training,2022-10-05,2023-10-05,eo_data_export_failed,,,,,[]
Maize,7,36.93081764,-0.80728842,training,2022-11-05,2023-11-05,eo_data_export_failed,,,,,[]
Maize,7,36.92230288,-0.7988025,training,2022-12-05,2023-12-05,eo_data_export_failed,,,,,[]
Bananas,20,36.90882736,-0.79319722,training,2022-05-13,2023-05-13,eo_data_export_failed,,,,,[]
Tea,29,36.90854601,-0.79308715,training,2022-05-14,2023-05-14,eo_data_export_failed,,,,,[]
Tomato,36,36.89718534,-0.7902589,training,2022-05-15,2023-05-15,eo_data_export_failed,,,,,[]
Napier,19,36.8959481,-0.78840598,training,2022-05-16,2023-05-16,eo_data_export_failed,,,,,[]
Avocado,8,36.89388091,-0.78745479,training,2022-05-17,2023-05-17,eo_data_export_failed,,,,,[]
Maize,7,36.89005381,-0.78416802,training,2022-05-18,2023-05-18,eo_data_export_failed,,,,,[]
Napier,19,36.8769444,-0.78651538,training,2022-05-19,2023-05-19,eo_data_export_failed,,,,,[]
Napier,19,36.87126,-0.7834218,training,2022-05-20,2023-05-20,eo_data_export_failed,,,,,[]
Maize,7,36.84937532,-0.77318818,training,2022-05-21,2023-05-21,eo_data_export_failed,,,,,[]
Maize,7,36.84911162,-0.77098209,training,2022-05-22,2023-05-22,eo_data_export_failed,,,,,[]
Avocado,8,36.8523513,-0.77296451,training,2022-05-23,2023-05-23,eo_data_export_failed,,,,,[]
Maize,7,36.85530728,-0.77556732,training,2022-05-24,2023-05-24,eo_data_export_failed,,,,,[]
Maize,7,36.85303408,-0.77305163,training,2022-05-25,2023-05-25,eo_data_export_failed,,,,,[]
Cabbage,27,37.0363886,-0.9864681,training,2022-05-26,2023-05-26,eo_data_export_failed,,,,,[]
Tomatoes,34,37.0384191,-0.9881685,training,2022-05-27,2023-05-27,eo_data_export_failed,,,,,[]
Pineapple,37,37.0824554,-1.0256117,training,2022-05-28,2023-05-28,eo_data_export_failed,,,,,[]
Pigeon Peas,38,37.16005485,-1.01527606,training,2022-05-29,2023-05-29,eo_data_export_failed,,,,,[]
Sweet Potato,23,37.1717637,-1.0228288,training,2022-05-30,2023-05-30,eo_data_export_failed,,,,,[]
Beans,12,37.18029944,-1.02112619,training,2022-05-31,2023-05-31,eo_data_export_failed,,,,,[]
Rosemary,39,37.1554953,-1.0140753,training,2022-01-06,2023-01-06,eo_data_export_failed,,,,,[]
Beans,12,37.15753294,-1.01425486,training,2022-02-06,2023-02-06,eo_data_export_failed,,,,,[]
Beans,12,37.15648865,-1.00949697,training,2022-03-06,2023-03-06,eo_data_export_failed,,,,,[]
Beans,12,37.1554509,-1.0111602,training,2022-04-06,2023-04-06,eo_data_export_failed,,,,,[]
Beans,12,37.179962,-1.02057918,training,2022-05-06,2023-05-06,eo_data_export_failed,,,,,[]
Beans,12,37.18500228,-1.02423063,training,2022-06-06,2023-06-06,eo_data_export_failed,,,,,[]
Beans,12,37.1821883,-1.0202833,training,2022-07-06,2023-07-06,eo_data_export_failed,,,,,[]
Beans,12,37.1823292,-1.0204369,training,2022-08-06,2023-08-06,eo_data_export_failed,,,,,[]
Beans,12,37.0737522,-0.9681,training,2022-09-06,2023-09-06,eo_data_export_failed,,,,,[]
Beans,12,37.0762775,-0.9665924,training,2022-10-06,2023-10-06,eo_data_export_failed,,,,,[]
Beans,12,37.079461,-0.9643992,training,2022-11-06,2023-11-06,eo_data_export_failed,,,,,[]
Napier,19,36.9720698,-0.9332258,training,2022-12-06,2023-12-06,eo_data_export_failed,,,,,[]
Beans,12,36.9314045,-0.9241686,training,2022-06-13,2023-06-13,eo_data_export_failed,,,,,[]
Sweet Potato,23,36.932578,-0.9190456,training,2022-06-14,2023-06-14,eo_data_export_failed,,,,,[]
Kales,28,36.9031511,-0.8499564,training,2022-06-15,2023-06-15,eo_data_export_failed,,,,,[]
Beans,12,36.8888189,-0.8655143,training,2022-06-16,2023-06-16,eo_data_export_failed,,,,,[]
Spinach,40,36.9033988,-0.8499308,training,2022-06-17,2023-06-17,eo_data_export_failed,,,,,[]
Macadamia,10,36.9380132,-0.9184148,training,2022-06-18,2023-06-18,eo_data_export_failed,,,,,[]
Bananas,20,37.12216288,-0.92570883,training,2022-06-19,2023-06-19,eo_data_export_failed,,,,,[]
Potatoes,15,37.11368059,-0.92281834,training,2022-06-20,2023-06-20,eo_data_export_failed,,,,,[]
Beans,12,37.10931737,-0.92353413,training,2022-06-21,2023-06-21,eo_data_export_failed,,,,,[]
Mango,11,37.10154772,-0.92584911,training,2022-06-22,2023-06-22,eo_data_export_failed,,,,,[]
Maize,7,37.00572094,-0.88511768,training,2022-06-23,2023-06-23,eo_data_export_failed,,,,,[]
Arrowroot,16,37.00857418,-0.88801119,training,2022-06-24,2023-06-24,eo_data_export_failed,,,,,[]
Coffee,18,36.95232656,-0.8565629,training,2022-06-25,2023-06-25,eo_data_export_failed,,,,,[]
Avocado,8,36.94095445,-0.86222568,training,2022-06-26,2023-06-26,eo_data_export_failed,,,,,[]
Napier,19,36.94469301,-0.85386285,training,2022-06-27,2023-06-27,eo_data_export_failed,,,,,[]
Napier,19,36.9714736,-0.6816482,training,2022-06-28,2023-06-28,eo_data_export_failed,,,,,[]
Cabbage,27,36.9380003,-0.68639911,training,2022-06-29,2023-06-29,eo_data_export_failed,,,,,[]
Napier,19,36.95988199,-0.67019115,training,2022-06-30,2023-06-30,eo_data_export_failed,,,,,[]
Napier,19,36.9236743,-0.6757263,training,2022-01-07,2023-01-07,eo_data_export_failed,,,,,[]
Napier,19,37.146982,-0.7184039,training,2022-02-07,2023-02-07,eo_data_export_failed,,,,,[]
Napier,19,37.1468084,-0.7183723,training,2022-03-07,2023-03-07,eo_data_export_failed,,,,,[]
Bananas,20,37.15655795,-0.71541766,training,2022-04-07,2023-04-07,eo_data_export_failed,,,,,[]
Beans,12,37.15908356,-0.73409302,training,2022-05-07,2023-05-07,eo_data_export_failed,,,,,[]
Arrowroot,16,37.1592387,-0.7341154,training,2022-06-07,2023-06-07,eo_data_export_failed,,,,,[]
Beans,12,37.15898442,-0.73245559,training,2022-07-07,2023-07-07,eo_data_export_failed,,,,,[]
Beans,12,37.2077507,-0.7252916,training,2022-08-07,2023-08-07,eo_data_export_failed,,,,,[]
Beans,12,37.204381,-0.7123285,training,2022-09-07,2023-09-07,eo_data_export_failed,,,,,[]
Beans,12,37.1757505,-0.7361564,training,2022-10-07,2023-10-07,eo_data_export_failed,,,,,[]
Beans,12,37.20565618,-0.72326203,training,2022-11-07,2023-11-07,eo_data_export_failed,,,,,[]
Beans,12,37.2198839,-0.7233533,training,2022-12-07,2023-12-07,eo_data_export_failed,,,,,[]
Beans,12,37.1978598,-0.7085912,training,2022-07-13,2023-07-13,eo_data_export_failed,,,,,[]
Beans,12,37.17656582,-0.72387709,training,2022-07-14,2023-07-14,eo_data_export_failed,,,,,[]
Beans,12,37.1752226,-0.7184042,training,2022-07-15,2023-07-15,eo_data_export_failed,,,,,[]
Beans,12,37.17516142,-0.71843014,training,2022-07-16,2023-07-16,eo_data_export_failed,,,,,[]
Beans,12,37.1750159,-0.718549,training,2022-07-17,2023-07-17,eo_data_export_failed,,,,,[]
Kunde,31,37.1748399,-0.7184414,training,2022-07-18,2023-07-18,eo_data_export_failed,,,,,[]
Pumpkin,17,37.1748315,-0.7183995,training,2022-07-19,2023-07-19,eo_data_export_failed,,,,,[]
Beans,12,37.1784132,-0.7163049,training,2022-07-20,2023-07-20,eo_data_export_failed,,,,,[]
Beans,12,37.1678641,-0.7397209,training,2022-07-21,2023-07-21,eo_data_export_failed,,,,,[]
Beans,12,37.1253374,-0.8000658,training,2022-07-22,2023-07-22,eo_data_export_failed,,,,,[]
Beans,12,37.1275601,-0.9444551,training,2022-07-23,2023-07-23,eo_data_export_failed,,,,,[]
Beans,12,37.1274611,-0.9438326,training,2022-07-24,2023-07-24,eo_data_export_failed,,,,,[]
Beans,12,37.2398614,-0.9192646,training,2022-07-25,2023-07-25,eo_data_export_failed,,,,,[]
Beans,12,37.1276995,-0.9502228,training,2022-07-26,2023-07-26,eo_data_export_failed,,,,,[]
Beans,12,37.1318071,-0.9543445,training,2022-07-27,2023-07-27,eo_data_export_failed,,,,,[]
Beans,12,37.2259299,-0.9231059,training,2022-07-28,2023-07-28,eo_data_export_failed,,,,,[]
Beans,12,37.1159565,-0.800175,training,2022-07-29,2023-07-29,eo_data_export_failed,,,,,[]
Beans,12,37.14247362,-0.94639917,training,2022-07-30,2023-07-30,eo_data_export_failed,,,,,[]
Beans,12,37.223818,-0.9224323,training,2022-07-31,2023-07-31,eo_data_export_failed,,,,,[]
Beans,12,37.2234448,-0.9225448,training,2022-01-08,2023-01-08,eo_data_export_failed,,,,,[]
Beans,12,37.1460241,-0.94412447,training,2022-02-08,2023-02-08,eo_data_export_failed,,,,,[]
Beans,12,37.148685,-0.9471933,training,2022-03-08,2023-03-08,eo_data_export_failed,,,,,[]
Beans,12,37.2491152,-0.8358573,training,2022-04-08,2023-04-08,eo_data_export_failed,,,,,[]
Beans,12,37.1534,-0.9452,training,2022-05-08,2023-05-08,eo_data_export_failed,,,,,[]
Beans,12,37.1535288,-0.9450473,training,2022-06-08,2023-06-08,eo_data_export_failed,,,,,[]
Yams,30,37.2383776,-0.9215983,training,2022-07-08,2023-07-08,eo_data_export_failed,,,,,[]
Beans,12,37.16885906,-0.95329656,training,2022-08-08,2023-08-08,eo_data_export_failed,,,,,[]
Beans,12,37.1688234,-0.9540274,training,2022-09-08,2023-09-08,eo_data_export_failed,,,,,[]
Spinach,40,37.124569,-0.8124241,training,2022-10-08,2023-10-08,eo_data_export_failed,,,,,[]
Beans,12,37.1805568,-0.9547347,training,2022-11-08,2023-11-08,eo_data_export_failed,,,,,[]
Beans,12,37.2514249,-0.897177,training,2022-12-08,2023-12-08,eo_data_export_failed,,,,,[]
Beans,12,37.1222331,-0.9096711,training,2022-08-13,2023-08-13,eo_data_export_failed,,,,,[]
Pumpkin,17,37.2512432,-0.9185494,training,2022-08-14,2023-08-14,eo_data_export_failed,,,,,[]
Beans,12,37.2731997,-0.9393587,training,2022-08-15,2023-08-15,eo_data_export_failed,,,,,[]
Macadamia,10,37.2609088,-0.9551754,training,2022-08-16,2023-08-16,eo_data_export_failed,,,,,[]
Beans,12,37.2583984,-0.8964471,training,2022-08-17,2023-08-17,eo_data_export_failed,,,,,[]
Beans,12,37.2647719,-0.896962,training,2022-08-18,2023-08-18,eo_data_export_failed,,,,,[]
Pumpkin,17,37.271295,-0.8965273,training,2022-08-19,2023-08-19,eo_data_export_failed,,,,,[]
Pawpaw,14,37.2827531,-0.9141292,training,2022-08-20,2023-08-20,eo_data_export_failed,,,,,[]
Thoroko,41,37.2405445,-0.8214481,training,2022-08-21,2023-08-21,eo_data_export_failed,,,,,[]
Beans,12,37.2544847,-0.8202114,training,2022-08-22,2023-08-22,eo_data_export_failed,,,,,[]
Beans,12,37.2582045,-0.8107229,training,2022-08-23,2023-08-23,eo_data_export_failed,,,,,[]
Beans,12,37.23479,-0.820235,training,2022-08-24,2023-08-24,eo_data_export_failed,,,,,[]
Beans,12,37.2250718,-0.8358333,training,2022-08-25,2023-08-25,eo_data_export_failed,,,,,[]
Beans,12,37.2229054,-0.8378986,training,2022-08-26,2023-08-26,eo_data_export_failed,,,,,[]
Beans,12,37.17054747,-0.95043535,training,2022-08-27,2023-08-27,eo_data_export_failed,,,,,[]
Beans,12,37.1831997,-0.9574366,training,2022-08-28,2023-08-28,eo_data_export_failed,,,,,[]
Beans,12,37.1996072,-0.9760654,training,2022-08-29,2023-08-29,eo_data_export_failed,,,,,[]
Tomatoes,34,37.1932412,-0.9712952,training,2022-08-30,2023-08-30,eo_data_export_failed,,,,,[]
Beans,12,37.1818458,-0.9585115,training,2022-08-31,2023-08-31,eo_data_export_failed,,,,,[]
Bananas,20,36.9014319,-0.6127004,training,2022-01-09,2023-01-09,eo_data_export_failed,,,,,[]
Potatoes,15,36.8933581,-0.6120589,training,2022-02-09,2023-02-09,eo_data_export_failed,,,,,[]
Macadamia,10,37.0339478,-0.6145713,training,2022-03-09,2023-03-09,eo_data_export_failed,,,,,[]
